four,2
circuitry,1
francesco,1
uppuluri,1
localized,1
conjure,1
increase,9
hermann,2
samza,3
tribology,1
digit,3
stolfo,1
sdks,4
bringing,1
gaussianfilter,2
mlg,5
basics,10
scholar,3
mohri,1
reframe,1
commented,2
estimations,2
scrapes,1
pulse,2
elegant,2
second,8
available,11
tether,1
brownlee,20
errors,2
contributed,3
pawel,1
fossil,1
designing,2
resilient,1
contributes,2
pioneering,1
hern,1
formats,1
reported,1
china,6
mccallum,1
conversational,1
talby,1
k,6
reports,6
controversy,1
flyer,1
military,2
appropriately,2
norsk,2
divide,3
classification,44
wikimedia,4
explained,2
replace,3
psychological,4
classifieds,1
unit,7
reddy,1
derivatives,1
dna,1
spoke,2
browse,18
music,14
therefore,1
dns,2
standardized,1
successful,2
yahoo,2
glass,2
hole,1
hold,1
locked,2
pursue,1
concepts,15
revenues,1
example,6
wang,1
household,1
frown,1
dunning,1
currency,1
caution,1
want,42
absolute,3
hof,1
knows,4
syntactic,1
travel,7
feature,71
machine,762
hot,4
machina,1
symposium,2
classify,8
wolfram,10
ariesta,1
credential,4
abstraction,1
beauty,5
typed,2
diagram,2
modest,2
domed,1
types,19
effective,3
wins,3
headquarters,1
fictional,2
keeps,1
wing,1
wind,1
blind,2
feedback,13
telecom,2
bootstrapped,1
uuid,10
fit,8
fix,2
voip,1
hidden,5
easier,6
workhorse,1
similar,9
brasileira,1
effects,1
comprised,1
silver,1
akash,1
represents,7
queues,1
debug,3
cybernetics,1
weirdos,1
financial,18
telescope,1
series,19
commons,4
laboratory,1
message,4
trending,3
rs,1
sms,1
angular,1
rf,1
adapt,2
millions,7
smb,4
foundation,7
necessarily,1
estimate,4
universally,1
enormous,5
currentlyguide,1
docsmicrosoft,1
silicon,2
speeds,1
matsuyama,1
size,2
channels,1
polski,2
service,90
lego,2
engagement,1
xin,1
legg,1
needed,15
master,7
listed,1
livelihoods,1
ranging,1
coursera,9
ahmed,3
maglev,1
saeed,1
iteration,1
project,19
claytronics,1
feeling,1
acquisition,2
esta,1
baldi,1
boston,7
foundational,1
recommender,5
releases,4
beltway,1
relaxations,1
recommended,4
transactions,2
object,9
metrics,10
simplify,4
visualizations,1
chappell,2
jupyter,2
snooping,1
professor,7
stavropoulos,1
technostress,1
tech,33
lpd,1
came,2
incorporate,1
phonlamai,1
reactor,1
meetings,3
advisors,5
bonnie,1
sexist,1
precompute,2
hungary,1
lessons,1
busy,3
lights,1
menu,10
rico,1
theme,1
rick,1
rich,2
mena,2
rica,1
plate,1
dansk,1
net,2
increasing,2
textbooks,4
maciej,1
kabra,1
yoshua,3
respond,3
disaster,8
fair,1
branding,2
niche,3
result,8
fail,1
best,57
avert,1
lenat,1
lots,2
wikipedia,34
score,3
srinivas,2
conductive,1
kotaro,1
extend,3
nature,20
fetty,1
herrera,1
cards,1
extent,1
carbon,3
sacrificing,1
refinement,1
country,3
microsoftmachine,1
macedonia,1
logic,12
login,14
asked,4
jubatus,1
technoethics,1
billing,2
retrouver,1
chrome,1
chroma,1
much,35
tutorials,10
madani,1
correction,1
dots,1
life,19
irving,1
wish,2
dota,1
chile,2
child,2
worked,6
schelokov,1
employ,3
played,1
taxicabs,1
toolkit,1
letdown,2
crunchbase,2
haptic,1
trusted,2
piotr,2
memorial,1
memoriam,1
things,24
format,4
split,3
couple,6
templates,3
fairly,1
styling,1
vectorization,1
slovenia,1
tune,1
findhiddenmarkovstates,2
mendiratta,1
lucas,1
intrusion,1
mentors,4
academic,9
simulated,2
quinonero,1
maxime,1
corporate,12
opinions,1
sprechen,1
krol,1
yonekawa,1
rayid,1
previous,11
rosenberg,1
han,2
ease,1
emphasis,1
collections,2
easy,21
east,2
hat,1
survival,2
disagreement,1
possible,15
possibly,3
unique,5
massively,1
shivang,1
desire,2
brought,3
pavement,1
steps,5
vaquerizo,1
sebastian,4
battlefield,6
right,21
old,8
people,32
czech,1
consultants,1
commonplace,1
virtusphere,1
sociology,3
creative,3
fog,1
uma,1
treadmill,1
meanfilter,2
sociotechnical,1
bottou,1
garabini,1
ankit,2
losing,2
manufacturing,5
terotechnology,1
adel,2
soa,2
consulting,8
statements,7
som,1
dashboards,1
raises,1
reducing,5
mloss,1
breno,1
fabric,2
panorama,1
support,78
constantly,1
bvlc,1
wordpress,1
physicists,1
overhead,2
jana,1
launching,1
happy,1
offer,5
notifications,8
melanie,1
understandable,1
shqip,2
safeguard,1
congratulations,1
polska,1
arrays,1
demetrio,1
inside,7
connectmachine,1
codecommit,1
railgun,1
kohli,1
pricing,5
khz,1
later,1
proven,3
ddos,1
proves,2
exist,3
makedonija,1
qiu,1
sprint,1
zapata,1
glacier,1
hdinsight,1
narrowband,1
republic,1
chipless,1
developers,53
skymind,1
serverless,4
intend,3
models,144
invested,1
variable,9
serialized,1
contacts,4
time,79
push,13
decision,43
breadth,1
chain,4
reviewers,1
transcoder,1
chair,2
midst,1
dimensionality,3
freelance,5
veterans,2
eliminate,1
programmatically,2
choice,5
gloomy,1
rationality,1
exact,1
minute,1
solves,4
skewed,1
leave,4
solved,3
team,37
prediction,65
sign,24
headset,1
yooreeka,1
current,32
extraterrestrial,1
falling,5
geography,1
boost,3
performant,2
understanding,19
magnetism,1
splice,1
address,13
alone,2
along,9
momentous,5
passengers,2
enroll,4
accomplishes,2
interests,2
impacted,2
vectors,3
funded,1
commonly,4
queue,2
throughput,2
studies,4
hopfield,1
tasks,17
love,3
allain,1
prefer,1
logical,4
forefront,1
undergone,1
working,20
positive,2
lovins,1
predictions,46
tightly,1
opposed,1
films,2
scope,2
theoretical,13
scratched,1
introducing,2
validity,1
visual,13
logos,1
shomaker,1
shutterstock,2
printing,1
values,11
following,18
topmachine,1
awesome,3
allowed,2
monitoring,15
silos,1
divided,2
optimal,3
helder,1
parameter,3
explorer,2
spot,5
convincingly,1
applications,66
explored,2
infoapple,1
cardiac,1
data,517
supersonic,1
stress,2
natural,36
varieties,1
oculus,1
sr,1
su,1
technopaganism,1
definitions,1
sf,1
impactful,2
douglas,1
kong,1
hiring,9
experiments,4
derive,1
disconnect,1
torn,1
methodology,2
constitutes,1
proactionary,1
instantly,1
executors,2
matches,1
smarter,8
indigenous,2
retrain,2
records,3
subscribers,1
arriving,3
establishing,1
controversies,1
whitewashing,1
honduras,1
gaming,2
breakthrough,2
sponsor,2
entering,1
tianyi,1
latvija,1
learnings,1
container,14
unwatched,4
astray,1
mahout,3
contained,1
internet,18
formula,1
vukelic,1
squares,3
million,6
possibility,2
quite,8
lucrative,1
training,86
brasil,1
iterative,5
wrong,2
massive,8
timelines,1
intuition,11
saving,1
spoken,1
one,52
specifically,4
spanish,3
vote,5
open,42
city,10
structured,4
teacher,4
stuffed,1
typing,1
structures,6
cite,5
proving,1
artifact,1
hoceini,1
distill,1
ukmachine,1
future,13
college,6
russia,1
proactive,1
addressing,1
san,6
locations,1
prestigious,1
say,8
pubmed,1
sas,38
allen,1
turner,1
sap,34
saw,1
note,4
maintain,3
transcribed,1
zou,1
destroy,1
altered,1
tristen,1
knew,1
invoked,3
pages,7
average,10
sale,2
defeating,1
managing,11
refining,1
salt,2
laws,2
imagines,1
jpmorgan,1
featureextractor,2
slow,1
cloak,1
dynamodb,3
going,12
equipped,3
caroline,1
assistant,1
recruiters,2
silicene,1
resource,7
settings,1
uncover,1
vision,36
subatomic,1
isabel,1
surgery,1
demystifying,3
refresher,1
untapped,1
harvey,1
sites,4
sponsorship,1
testimonials,1
exploration,4
jobs,30
uk,10
vertical,4
coaguila,1
screen,1
awards,6
spark,10
concentrated,2
blame,1
many,52
fiddling,1
workplace,1
expression,1
backpack,1
mann,1
autoencoder,2
ahlfors,1
comeback,1
connectedmachine,1
math,10
epistemology,1
combiner,1
stretch,4
west,2
combined,3
prototype,2
wants,5
enable,2
thousand,2
readings,10
photos,11
polly,1
consultant,2
single,9
overcome,2
policies,1
newspaper,6
curricula,2
iva,1
superconducting,1
technology,121
blag,1
binary,5
verified,2
threatens,1
nanophysics,1
technocriticism,1
breakdown,1
singapore,2
boosted,3
rfid,1
births,1
wired,14
advertisement,2
cryogenics,1
renewable,1
costa,1
tracking,1
coursework,2
costs,5
trains,1
alfredo,1
dimension,1
orive,1
nosql,3
rest,6
weekly,6
mimicking,1
grounded,1
geological,1
structural,2
aspects,2
around,15
huffpost,1
structuring,1
deepmind,2
vacuum,1
world,30
postal,1
fossils,1
intel,11
cfos,1
antiscience,1
integrals,1
satisfactory,2
conditional,3
lebanon,1
supplementary,1
racial,1
thinks,2
scholarships,1
dimensions,4
noob,1
noon,2
mlpack,2
knowledgebase,1
nishida,1
predictormeasurements,2
refer,1
scientific,9
power,17
disinformation,4
iconic,2
leadership,10
biases,1
thailand,2
viewmachine,2
package,3
industry,10
taxon,1
acm,3
kermanidis,1
neighbor,4
act,6
luck,1
taras,1
rebuild,1
implementational,1
headsets,1
image,34
jasper,1
parties,1
angola,1
soonyau,1
italia,1
complete,20
cloudfront,1
beginners,2
lubis,1
technologies,16
amplify,1
abused,1
october,14
nanotube,1
muggleton,1
rags,2
dirty,1
vasant,1
detailed,1
ae,1
ad,7
rekognition,1
ai,87
certain,12
forgot,1
watches,1
watcher,1
ar,2
au,3
zmachine,1
formulation,2
watched,1
somnambulism,1
yoga,2
novice,1
graduate,5
spatial,1
tapesdifference,1
standardize,2
vocabulary,2
clusteringtree,2
hydraulics,1
representable,1
gifts,1
arielle,1
midsize,3
realised,1
opencoursewareapple,1
tricky,1
partitioned,4
natalia,1
madrigal,1
raphael,1
fraudulent,3
passed,5
mass,5
parallelism,1
behavioral,2
original,7
curate,1
consider,9
ceramic,1
reasoning,2
taxicab,2
tv,4
illustrates,1
encourage,2
smile,1
homepage,10
tc,2
norm,1
ghana,1
paying,1
appointment,1
returned,2
ghani,1
condition,2
echolocation,1
bosna,1
heikki,1
laying,1
joined,1
large,25
adjust,1
small,14
workloads,6
methodical,2
sync,1
past,15
timescales,1
displays,1
pass,6
recalculate,2
vasimr,1
investment,4
handicapped,1
section,77
devenu,1
succinct,1
scientists,28
method,12
contrast,1
full,14
christophe,1
empower,3
hours,7
uuids,2
november,17
introductory,11
compliance,7
experience,24
prior,6
skyrocket,1
pick,3
action,4
via,23
followed,1
cloudformation,2
select,4
executable,1
objectives,1
petroleum,1
bohare,1
automata,2
archives,1
automate,7
door,2
company,41
tested,2
schweiz,1
foundations,8
keeping,2
worldwide,5
phillip,1
installing,5
autocomplete,1
resources,46
learn,78
knocked,1
santosh,1
karkera,1
suggestions,3
states,8
sense,5
information,64
imminent,1
hugo,1
plans,6
notre,1
mapping,3
entrepreneurship,3
preprocessing,4
bioinformatics,7
mushinsky,1
ethics,7
lifecycle,3
summarization,1
github,3
jiang,1
register,5
fundamental,5
reshape,2
caballero,1
srpskohrvatski,1
itn,3
technogaianism,1
installed,1
paper,8
scott,3
signs,1
turbine,1
nonviable,1
filip,2
individuals,4
severely,1
gadget,1
zhen,1
snowball,4
subtitles,1
whatis,1
always,8
labeling,3
caseless,1
courses,46
found,14
status,6
aswitala,1
accelerator,4
reduce,9
numeric,2
yousuf,1
advertisers,2
steinbuch,1
really,13
missed,2
cloudwatch,1
research,56
misses,2
offline,22
plotting,1
jeremiah,1
pitfalls,1
imaging,2
imagine,1
srbija,1
annotated,1
director,2
similarly,2
positioning,1
w,4
existential,1
logistics,2
major,16
number,23
incentivizing,1
neurosolutions,1
differ,1
leverage,7
jet,2
introduction,14
avec,1
nextquantum,1
calculations,1
molecular,3
relationship,1
immediate,3
diffusion,3
prebuilt,1
niklas,1
vocal,2
determined,3
emirates,1
seamlessly,2
wtmachine,1
canceling,2
organisations,1
graffiti,1
hochreiter,1
sell,5
self,5
also,67
recognizing,3
internal,9
interconnection,1
requeima,1
play,8
coordinate,2
virus,1
plan,11
revolutionary,1
understands,1
tpd,1
sometimes,8
cover,7
actionable,1
microsoft,22
gold,3
nasdaq,1
onoue,1
stepwise,1
impact,9
indicator,1
failed,2
removable,1
factor,7
giants,1
quizzes,3
quizzer,1
martjushev,1
synchronization,2
preparing,3
closely,3
disqus,1
hartmut,1
gaurabh,1
banking,4
croatia,1
peak,2
crm,2
sew,1
set,40
sep,22
tree,25
startup,16
toptal,3
sex,2
see,112
sed,1
backfire,1
seo,1
contour,1
technoculture,1
carranza,1
movie,3
currently,3
findfit,2
thrive,1
knowing,3
announcement,1
targeted,3
javascript,11
krevenets,1
mitigating,1
interface,6
prospects,1
last,18
influential,3
barely,1
connection,1
improves,1
pdf,6
whole,8
load,10
bell,2
northeastern,3
community,34
dimensional,2
agents,2
luis,2
improvement,2
gudvin,1
publishing,1
monthly,1
acceptance,1
satire,2
geoffrey,1
citations,2
tensorflow,9
affiliatesmachine,1
firm,5
picotechnology,2
champion,2
fire,2
waybetter,1
fund,1
moderation,1
systematic,1
handling,3
resulting,2
mld,1
enrollment,2
expanded,4
empirical,4
eremenko,2
technical,21
optimization,13
reliably,1
error,14
robin,1
real,36
hoping,2
calculator,2
aml,1
barney,1
fetching,2
shorten,1
shorter,1
read,41
virtually,2
elevates,1
comprehensive,4
alert,2
viewing,2
levels,5
stack,2
recent,21
knn,2
normale,1
johan,1
comprise,1
dieting,2
boer,1
domingos,1
decentralized,1
mysql,2
wearable,1
conclusions,1
eager,3
snappy,2
location,6
relevance,2
input,9
surprised,1
chess,2
minerva,1
australia,7
demands,1
subfield,1
instructors,2
intuit,2
quest,1
aerospace,1
emergence,1
projects,17
formal,1
sorting,2
facets,1
consensus,1
communications,6
continue,23
yields,1
ivan,2
alexandre,1
xinlei,1
methods,37
spring,1
sponsorships,1
molina,1
curious,1
eclat,4
investopedia,1
measurements,4
dematerialization,1
religion,3
welling,1
etant,1
ba,1
agreement,1
br,1
analysing,1
wildlife,2
certificate,7
anything,5
netflix,9
helpfulness,1
hchan,1
datumbox,1
computational,16
garbage,2
integral,2
servers,9
appropriate,3
troubleshooting,1
primarily,1
viewintroduction,2
contributor,6
katia,2
clustering,37
criticisms,2
spam,3
spending,1
pisonero,1
submit,7
custom,10
suis,4
mcglynn,1
suit,1
appdev,4
blueprint,1
nourrir,1
technocentrism,1
link,7
pacific,1
atom,1
line,3
considerable,2
posted,1
ux,4
cio,1
us,85
cis,1
morocco,2
un,2
ui,8
verification,5
mature,2
continuously,3
positivism,1
consumed,2
inductio,1
natively,1
defined,3
influence,4
cloudhsm,1
globally,3
chat,5
nationalism,1
defines,1
preventing,1
pushmeet,1
points,3
carrera,1
scrum,1
robots,7
ryanb,1
ago,33
land,2
algorithm,47
age,6
whitepaper,1
beverage,2
lans,2
oracle,5
fresh,2
hello,1
prizes,1
ordaz,1
code,30
partial,4
saying,2
scratch,1
results,19
existing,10
toggle,11
luxembourg,1
broader,3
bomb,2
centers,4
jhaveri,1
turkish,1
concerned,2
young,2
send,18
sent,12
customer,38
probe,1
continues,2
mixing,1
subreddit,1
continued,1
categories,7
timely,4
magic,1
transmission,1
try,11
threat,6
race,2
acetylenic,1
leonardo,2
dimitris,1
dockers,1
cnns,1
ods,1
video,44
dynamics,5
victor,1
index,4
anton,1
multimedia,4
richmond,13
consistently,1
indian,1
twins,1
firms,1
tommi,1
led,3
lee,4
punch,1
gilles,2
delivering,1
les,2
let,13
octave,5
ubuntu,3
lex,1
tdd,2
great,10
engage,4
rds,1
uneasy,1
receive,13
involved,6
beaucoup,1
titanic,2
survey,1
megascale,1
opinion,2
residents,2
cto,1
makes,17
weekends,1
involves,5
binge,1
firefox,1
siri,11
outcomes,13
interpretability,1
panicker,1
tools,76
confidence,6
exciting,3
zip,5
carbonell,1
ephemeralization,2
devops,7
next,31
uncrewed,1
duplicate,2
doubt,1
zia,1
carrying,2
charity,2
alexei,1
animals,1
challenge,5
clients,13
pour,3
reproduce,1
publications,3
drill,2
fulfill,2
chinook,1
cloudtrail,1
process,27
siyuan,1
purposes,4
pieces,3
high,31
sliq,1
reynolds,1
malware,2
hongkong,1
hcards,1
mysteries,2
intelligent,13
blocks,3
waitlist,6
npg,1
educational,5
tdel,1
notebook,1
tier,3
efficiently,4
tinelli,1
wrik,1
robot,6
element,1
allow,7
christopher,1
houston,1
producer,1
produces,3
charityml,8
move,5
zentralblatt,2
produced,1
parameters,7
warren,1
perfect,2
chosen,1
degrees,2
instruments,2
derivative,1
python,28
antara,1
outlined,2
earn,4
animatronics,1
realize,2
presidential,1
alcorn,1
nicely,1
truth,1
accompanied,2
subset,4
beginner,4
bump,1
society,9
books,16
pareto,1
agriculture,1
makoto,1
matrix,20
aspiring,1
sophron,1
hive,4
adaptive,1
interactions,5
cheong,1
kaggle,1
greedy,2
temps,2
release,3
regulatory,3
ofer,1
transferable,1
could,27
david,10
fait,1
scene,3
fits,1
impressum,1
scent,1
pkdd,1
chatbots,1
start,34
festival,2
behaves,2
system,78
memristor,1
npr,1
pervasive,3
veoh,1
storsimple,2
rockwell,1
carmo,1
unsubscribe,1
crna,1
steel,1
colleagues,1
warfare,1
sourcing,1
negatively,1
updatestop,1
false,5
drozdenko,1
partnership,1
gentle,2
clearly,3
viewed,2
competency,1
documents,3
studying,2
mechanism,2
adjunct,1
incorporating,2
korean,2
suku,1
soar,1
calculus,3
device,6
segment,2
face,12
mechanical,3
fact,4
biomechatronics,1
centralized,3
bring,5
quenzeng,1
economist,2
decade,1
principal,9
taps,1
pause,1
jat,1
jan,1
entities,1
jam,1
printers,1
hope,3
meant,2
insight,7
handle,9
means,5
familiar,2
lucky,2
autos,1
gpus,1
imageidentify,2
shaping,1
reit,1
denmark,1
summon,2
reid,3
stuff,1
proactively,1
withstand,1
catastrophic,1
frame,1
correlations,1
freitas,2
edition,9
alessandro,1
packed,1
nuclear,4
migrations,1
email,28
timegoal,2
reauthorization,2
ends,2
interchangeably,1
ovalle,1
configuration,12
observable,1
norge,1
harish,2
harvard,1
etf,2
etd,2
marta,1
malcolm,1
revamp,1
citko,1
taylor,1
cs,7
li,4
plentsov,1
uci,1
powered,4
dimensionreducerfunction,2
genetic,4
hawking,1
hottest,1
recurring,1
neighbour,3
puerto,1
sequencepredict,2
atlanta,1
spain,1
laser,3
learnmachinelearning,2
podcasts,4
frameworks,7
ultra,1
discoveries,1
vc,4
vj,1
site,19
commerce,1
vp,1
slovensko,1
vr,5
vs,3
vu,1
greater,3
newsroom,1
juan,1
matthew,2
android,9
sada,1
dao,1
mgka,3
emotionally,2
drink,1
upon,3
forecasts,2
iago,1
tragically,1
ernst,1
infinite,3
php,2
identity,6
audit,4
lowpassfilter,2
acknowledgement,1
indonesia,3
patterns,20
backpropagation,5
command,3
meanshiftfilter,2
audio,10
drawing,1
less,20
wizeline,1
flywheel,1
predicts,4
paul,3
glue,1
web,58
bibliography,1
ramakrishnan,1
wei,1
combine,6
omnidirectional,2
increased,1
government,7
checking,2
codedeploy,1
increases,1
five,10
supervise,1
belgium,1
nanotechnology,6
password,1
accelerating,2
garage,1
numenta,1
become,27
poor,2
kentarou,1
footage,1
choosing,6
transport,11
sufficiently,1
literally,1
avoid,1
salaries,1
passion,2
avoir,1
leverages,2
johnlangford,1
biology,2
schedule,5
selecting,2
brokering,1
r,20
stage,10
gained,1
iris,1
sister,1
lifestyle,3
label,3
ingest,1
kurzweil,1
angeles,1
burlachenko,1
massachusetts,1
alliance,2
letters,6
coverage,1
stratification,1
commitment,1
assess,6
mere,1
housing,4
metz,4
slovakia,1
function,22
karamousadakis,1
delivery,50
construction,3
hastie,1
convergence,4
delivers,2
compute,17
places,5
parthasarathi,1
gravitational,1
official,2
smooth,1
reinforcement,14
placed,2
meta,2
distribution,11
int,1
recognize,2
contribute,9
jessi,1
opennn,1
renowned,2
compared,4
compressive,2
variety,10
trials,3
forests,5
lately,1
details,19
repeat,1
monday,2
kowenzowski,1
imakyure,1
exposure,1
searches,2
xamarin,1
maresu,1
rule,11
compete,3
technicism,1
searched,1
preparemachine,1
crunchies,2
magnetic,3
entropy,1
controversial,1
integrity,1
exhibitions,2
relationships,7
pedro,2
cybermethodology,1
pacchiano,1
technoromanticism,1
matlab,14
sycara,1
worth,6
geology,1
aurora,1
nutzungsbedingungen,1
siraj,1
daydream,1
nanodegree,19
upload,5
poppo,1
casinos,2
notifying,1
announced,3
deutsch,6
machined,1
chez,1
chef,1
follow,25
chen,1
chem,1
machines,42
established,3
revolutionize,2
yahya,1
reconstruction,4
consisting,3
told,2
crunch,9
wrapping,1
protection,6
pursuit,2
obtained,2
daughter,1
items,1
employees,4
zeeshan,1
knyazev,1
calculators,2
aka,1
gambardella,1
secure,10
highly,15
opportunities,3
total,9
experimentation,2
plot,1
eventsmachine,1
motivate,1
negative,1
abusing,1
infusion,1
award,3
springer,3
word,4
work,42
theories,2
era,1
transparency,2
hinting,1
novik,1
repos,1
india,3
validated,1
recovery,11
provide,26
verify,2
methanol,1
interview,1
disappoint,1
ordinary,1
offshore,1
earlier,2
hong,2
lab,2
openai,4
law,5
ramanathan,1
appreciate,1
green,3
cloaking,1
order,26
office,14
devote,1
satisfied,1
innovative,4
misconduct,1
nets,1
technoself,1
somewhere,1
highlights,4
production,19
roland,4
versus,3
safe,6
break,2
workflows,4
bank,1
bread,1
cloudera,1
classified,3
l,4
needing,2
rocke,1
feeds,6
classifier,12
carlos,1
opsworks,1
meets,1
crimes,1
hosted,1
logo,2
retamal,1
klabjan,1
network,53
cameras,1
fellows,3
fellowship,2
daniel,3
medicine,2
sliding,1
barrier,1
standard,18
campaigns,5
created,3
creates,2
ordering,2
politicization,1
organize,1
delicious,2
drones,1
navigator,1
electronic,8
tem,1
microfabrication,1
rated,2
elevator,2
rates,3
observations,2
john,8
enhancing,1
kalaitzis,1
chanchana,1
target,7
ebay,2
historical,10
devious,1
packageslatest,1
portraits,2
vastness,1
manner,3
angularjs,1
contents,11
gear,4
latency,10
indexer,1
subjects,3
crunchbaseguide,1
completed,2
iceland,1
ebook,1
anatomy,1
optimized,9
involving,1
germany,3
quantitative,1
exercises,3
misrepresents,1
calculated,5
alumni,5
horesnyi,1
deeply,2
krzysztofik,1
notion,1
lewis,1
kashyap,1
keywords,2
intergovernmental,2
latent,1
implementation,9
guidance,2
aldo,1
screening,2
pursuing,1
gideon,1
personality,1
bibliometrics,1
cryptography,1
di,1
dd,2
de,21
db,1
dc,1
da,1
watson,2
downtime,2
du,1
cleanly,1
trainingmachine,1
covering,4
consilience,1
emr,1
analytical,3
explanations,1
steam,1
zookeeper,1
condensed,1
observed,3
analytics,65
depends,8
discussions,1
techniques,22
away,5
unable,2
drawn,1
dhavide,1
terms,24
srivastav,1
handful,1
packaged,2
answers,10
packages,3
finol,1
received,2
climate,29
farsan,1
dsl,11
exceeds,1
requests,4
tough,3
applicability,1
polynomial,6
telecommunications,2
broadening,1
strong,6
engines,2
buffett,1
qinmeng,1
flexible,7
dozens,4
stinson,2
applied,21
physician,1
publicly,1
gnu,1
ais,1
air,2
aim,3
formatting,1
gnd,1
applies,3
aid,4
voice,4
launched,1
mistake,1
cons,1
thursdays,2
tissue,2
hebrew,2
vitrification,1
descent,20
perform,8
apparently,1
recurrent,4
greengrass,1
harshil,1
lecun,2
incorrectly,1
sociotechnology,1
independent,1
swell,1
hand,3
pubs,1
depict,2
scenario,3
thu,1
humble,2
contact,48
centres,2
unified,4
photo,8
thanks,12
mohamed,3
visualization,14
volumetric,1
kirill,2
similarities,2
opencv,3
spread,2
board,6
openings,1
plasma,3
usable,1
editorials,1
rnn,2
scientometrics,1
arab,1
fusion,4
designers,2
reusable,2
eroded,1
srini,3
springeralerts,1
sparse,4
saerens,1
security,52
accuracy,16
portuguese,3
dimitri,1
cybersecurity,2
critique,2
comments,30
asking,1
minimization,2
rescale,2
marketing,40
pose,2
shogun,1
confer,2
graduates,5
restructuring,1
architectural,3
graduated,1
post,6
properties,2
gartner,5
malariaspot,1
months,1
dilemma,4
bound,2
balancer,3
rendering,1
haskell,2
compression,1
waf,1
legislation,1
way,16
editions,2
becoming,3
gurewitsch,1
encoded,1
true,1
responding,1
reproductive,1
maximum,3
optimisation,1
guesses,1
computing,30
tesla,4
corrado,2
evidence,1
expertise,1
distributions,1
archive,13
physical,5
falguni,1
reality,12
interested,8
holding,1
test,27
shrink,1
brothers,1
mulling,1
welcome,18
convincing,3
outreach,1
gapping,1
scores,1
dziuba,1
bede,1
modules,1
together,6
stick,2
concept,6
broke,1
switched,1
dance,2
global,9
kirank,1
anand,1
battle,3
layers,5
certainly,2
zone,1
mallet,1
graph,2
dissatisfied,1
collectionmachine,1
charles,1
emergencies,1
goertzel,1
microprocessors,1
anonymous,39
trouble,1
kazuo,1
sujets,1
presented,1
turns,2
gui,1
guo,1
gun,1
p,5
ekrem,1
partager,1
upper,2
revolution,7
htc,1
regret,2
repetitive,3
discover,17
cost,31
xpoint,2
hdfs,5
appear,10
trivial,2
assistance,1
cryptographers,1
shares,9
relational,3
satisfy,1
supporting,4
hololens,1
downloaded,1
apache,15
teaches,1
appears,3
change,24
sending,3
codestar,1
incoming,1
netgraph,2
domaine,1
trial,3
nonvolatile,1
smoothkerneldistribution,2
domains,3
locomotion,1
nikhil,3
regardless,6
gartnermachine,1
extra,3
marked,2
italiano,5
illumination,1
rarely,2
market,8
flavors,1
prove,2
live,10
analogical,1
club,1
organizations,13
instructional,6
graphic,3
ibm,13
car,6
cat,5
labeled,2
technophilia,1
leaderboard,2
cad,3
petabytes,2
heart,2
dedicated,5
subcategories,1
december,9
chip,3
saito,1
topic,11
heard,1
slovenija,1
redundancy,1
pardes,1
discussion,11
write,9
economy,6
product,26
dive,3
produce,4
remember,1
brussel,1
whenever,4
accelerated,2
typical,6
serving,22
displayed,2
kafka,2
leapfrogging,1
brain,10
statistical,24
whats,1
still,15
ieee,1
acknowledge,3
window,1
factual,2
norway,1
neurotechnology,1
introduce,9
scaling,7
technomancy,1
ubereats,21
unimpressive,1
half,1
recap,13
nov,1
superset,1
provision,4
discuss,9
buzzword,1
january,6
drop,2
h,4
pycharm,1
entirely,1
em,1
el,1
domain,6
en,7
significantly,2
ed,3
gaussian,6
challenges,8
ex,1
year,11
eu,6
et,12
happen,1
er,1
shown,2
bullish,2
space,16
looking,13
receiving,1
viable,1
shows,8
cars,1
divergence,1
cart,5
meetups,7
card,3
care,10
fixed,1
textbook,1
selections,1
transition,1
nonprofit,1
springerlink,2
lambda,1
gundotra,1
romania,2
impossibly,1
variables,8
cpus,1
oddhead,1
blink,1
directly,16
comprises,1
xp,84
ways,9
kolesnikov,1
xu,2
caught,2
breed,3
checker,1
configured,1
friend,5
wanes,1
nutrition,3
mostly,2
thruster,2
brains,2
eliminates,2
eliminated,1
vishal,1
appreciated,1
franta,1
professionals,2
television,2
gpgpu,1
toolboxes,1
recruit,1
monopolies,1
accessed,2
photosynthesis,1
browser,3
enhanced,1
investors,2
remained,1
craig,1
dynamically,2
recover,2
slac,1
form,6
veteran,1
terrific,1
equipment,1
deux,1
online,80
objective,3
begin,2
price,7
neatly,1
importantly,1
dmitriy,1
america,2
forummachine,1
implications,1
professional,6
typically,14
german,2
spyware,1
fifty,1
discovered,1
maini,1
modelers,4
ground,3
proportion,2
rosenstand,1
texture,1
deployments,2
aeroscraft,1
developed,10
thompson,3
daal,2
yelena,1
samuel,4
truly,1
cannot,6
reprints,3
sociocracy,1
physically,1
actively,1
devices,15
sport,1
concern,1
hackathons,2
tackling,1
import,1
orchestrate,10
notice,6
heureux,1
deliver,14
domotics,1
analyzed,2
article,30
kamimura,1
installation,2
enabling,6
groupby,2
comes,8
hyperscale,2
kondratiev,1
musicmatch,1
overview,12
learning,891
cycling,2
alves,1
informed,4
wickwack,1
linguistic,1
external,10
suspected,1
ruby,5
prehistoric,1
developing,8
might,15
movingaverage,2
trick,1
editorial,7
valery,1
polymer,2
metric,3
bias,6
broggi,1
kenya,1
develop,13
media,29
intelligently,3
figuring,1
followers,38
figures,4
document,3
arcology,1
initialization,4
foam,1
hurlocker,10
validate,1
constitutional,1
abdelhamid,1
alleviate,1
peripherals,1
cca,2
noah,3
knowledgeable,2
jaroop,1
shubert,1
greetings,1
touch,3
speed,12
death,2
thinking,9
desktop,7
role,5
momentum,1
kareem,1
ami,4
nielsen,1
spectacular,1
rules,9
capstone,1
calendars,1
gonna,1
early,10
partnernet,2
fxtrader,1
using,93
fortune,2
benefit,3
alaoui,1
output,4
exposed,1
hacks,1
duration,2
passions,1
artificielle,1
conservative,2
nuggets,1
business,104
tuition,2
nmf,1
credits,5
raul,1
ontology,1
comparison,4
central,12
sri,1
shmatov,1
supervised,27
greatly,2
referred,3
backup,6
processor,2
protests,1
redshift,2
skylon,1
involvement,1
fsml,1
log,19
prepare,10
area,8
removing,1
los,2
stealth,2
cats,4
low,8
lot,14
transitioning,2
jones,3
pitches,1
lietuva,1
babadook,2
hire,2
fraud,10
embedded,5
stanford,11
default,2
resectioning,1
appliance,1
miguel,3
describe,4
sales,23
countermeasures,1
coproduction,1
moves,1
hospitals,1
viewlocal,1
christos,2
mathematica,3
storage,50
cinematography,1
valid,3
mathematics,12
intechopen,1
gaining,1
cazala,1
nederlands,1
registry,2
suited,5
pool,2
building,34
hirasawa,1
cores,1
since,6
semantic,3
sauro,1
graphics,3
mannila,1
month,7
unblock,6
viability,2
hassabis,1
batched,1
dominated,1
subtleties,1
xiaohai,1
balancing,2
decide,3
securely,3
bova,1
sverige,1
study,19
cookies,4
approximately,2
instagram,4
unheard,1
kardashev,1
closeapplied,1
enhancement,1
finddistribution,2
penchikala,3
canonical,4
consumers,2
investing,8
learner,1
microbiology,2
bernhard,1
certificates,5
learned,10
multinational,1
edited,5
jaakkola,1
imageadjust,2
rudimentary,1
modify,4
technosignature,1
giamas,2
modular,1
tracks,4
iraq,1
handwriting,2
social,33
ahead,6
disclaimers,5
updateable,1
amount,9
sjwhitworth,1
advertising,7
uniquely,2
family,2
partnering,1
requiring,4
put,7
analyzing,2
aimed,1
trained,22
hercegovina,1
perceptron,5
conventional,4
honing,1
takes,3
selmer,1
contains,7
sabbaticals,1
taken,5
lowering,1
impulse,1
hardware,21
ximi,1
minhas,1
machinelearning,2
budgets,2
yemen,1
history,27
udemy,2
pushed,1
magento,1
arabic,2
climatex,1
userendezvous,1
utilize,1
taskar,1
singularvaluedecomposition,2
chernikov,1
tried,5
sneak,1
marat,1
horizontal,1
workstation,1
prerequisites,1
documentation,15
racetrack,1
negligible,1
netflixes,1
crafts,2
committer,2
help,81
taxonomy,1
soon,1
held,1
thermal,2
committee,1
committed,3
solving,7
actually,3
systems,61
evening,2
motivated,1
sachan,1
food,8
ces,2
hackathon,3
krzysztof,1
nikolaypavlov,1
dlib,1
bryan,4
fully,6
radial,1
predatory,1
giacometti,1
neil,1
quantum,65
beyond,7
event,9
nonlinearmodelfit,2
robert,1
panoutsakopoulos,1
publish,7
equate,1
safety,4
issue,4
asr,1
reporting,3
timeline,2
harthur,1
labs,3
houses,4
reason,2
base,7
ask,11
matthews,1
phd,9
caifeng,1
launch,4
terrible,1
americas,2
caption,1
american,2
exponentially,1
apocalypse,1
assign,1
determinism,2
probability,4
miss,4
airborne,1
expand,2
nigeria,1
scheme,1
schema,2
shifted,1
selling,4
aksoy,1
osvr,1
jordan,5
authors,11
storiesfind,1
translation,3
classifiers,1
grew,1
collaborations,2
anticipate,2
greg,3
store,38
kindle,1
weapon,5
randomseeding,2
deciding,4
electroencephalography,1
microtechnology,1
substantial,3
null,1
karl,1
johnmyleswhite,1
ratings,2
cave,1
pham,1
liu,2
showcases,4
suivi,1
towards,5
hired,2
sponsored,4
position,1
workmail,1
approved,1
salary,1
muscle,1
mobile,48
clear,5
popularity,1
telecourse,1
electrons,1
clean,6
velocity,3
bibsonomy,2
physics,9
hydraulic,1
kxen,1
albeiro,1
completion,3
copyright,8
intelligences,1
pretty,1
baghel,1
textstructure,2
darwin,1
viaf,1
trees,11
famous,1
feels,1
competing,2
referencing,2
alexander,4
ladoux,1
underlying,4
recommendations,3
switzerland,1
x,21
seventeen,1
culture,13
accelerators,1
close,23
deploying,6
regularly,2
getoor,1
pictures,3
calendaring,1
incompatibility,1
assistants,2
conditions,3
pictured,2
stagnation,1
missing,2
jedec,2
scalability,1
ranked,1
mentoring,1
invisible,2
curated,3
secrets,1
ecml,1
vault,1
bots,1
nanorobotics,1
onward,1
sztupak,1
hackers,3
battery,5
whatever,1
likes,1
linux,8
lecturers,1
described,4
describes,2
maintenance,1
collected,1
empty,1
walter,1
prados,1
lived,1
partly,1
shockoe,1
modelling,2
else,2
determination,1
disruptive,2
assigning,1
look,18
pacs,1
pace,4
shareable,2
match,2
fleet,1
discusssion,1
animated,1
mitchell,1
guide,21
pack,1
costly,2
wherever,1
herein,1
ready,2
simian,1
famicom,1
activeprediction,2
hyperbole,1
kovalenko,1
shah,2
showcased,2
used,72
classmates,1
dimm,2
uses,16
cleaning,2
yuan,1
eigenvectors,1
criminalize,1
database,21
poland,1
obviously,1
auditor,1
docker,3
alvin,1
powering,3
desk,1
reviewer,3
taiwan,2
retirement,4
guaranteed,1
anova,1
representational,1
armin,1
mourya,1
raschka,1
guarantees,1
transformation,9
march,7
treewidth,1
lacking,2
evaluate,6
genetically,1
game,10
submission,2
facebookoutline,1
pillar,2
auxquelles,1
bbc,1
translated,3
mathematical,7
creation,2
pierre,1
trends,7
economic,1
lifelike,1
delivered,4
qatar,1
competitions,1
jacek,1
hotels,2
minimal,2
run,28
processing,49
stem,2
step,5
viewpoints,1
plots,2
subtract,2
abroad,1
shine,2
faith,1
conrad,1
technosexual,1
jiebo,1
simulation,1
hasan,1
askreddit,1
hackerearth,1
messaging,1
ide,1
block,2
disclosure,2
albanija,1
featuretypes,2
within,10
patreon,1
technophobia,1
skyhook,1
statistics,26
renewal,1
probabilistic,1
syllabus,4
borucki,1
driverless,1
registered,1
kazuhito,1
properly,2
newer,2
russian,2
nanowire,1
info,2
paolo,2
helicon,1
sifting,1
foresight,1
kuhn,1
muniz,1
uber,16
accessibility,4
atomization,1
ampakine,1
surmise,1
contactgoogle,1
amounts,7
nam,1
application,31
nav,1
genome,7
department,5
draw,2
reportedly,1
kansas,1
visits,1
william,1
dram,1
structure,5
cryptographic,1
svm,4
e,11
svd,2
required,14
youtube,7
depth,3
requires,5
gu,1
aggregating,1
nynorsk,1
nuno,1
gb,2
go,24
danmark,1
outperforming,1
suite,5
quora,2
wave,2
unstructured,3
facebook,33
trough,2
telling,2
matrices,2
positions,3
button,5
michael,10
ryan,2
assignments,3
inspection,1
configurations,3
alvaro,2
jump,1
picked,1
download,17
click,8
bergman,1
cell,2
udacity,15
experiment,6
slideshows,1
infuse,1
collins,3
nicholas,1
featureextraction,2
madokoro,1
commercial,8
cryopreservation,1
focused,3
accessor,2
convert,2
cookiesmeet,1
northern,1
products,30
postprocessing,1
gene,2
patents,1
addresses,3
mesos,1
claim,1
manage,40
austria,1
anomalies,1
cloud,69
blockchain,1
camera,12
vehicle,4
simpler,1
milliseconds,2
screeners,1
optimizing,1
started,28
becomes,1
benchmark,2
visibility,2
kettering,1
zillow,1
mythical,2
announcing,1
ride,2
linearlayer,2
meet,6
trautmann,1
averages,2
control,11
links,27
providers,5
wadigzon,1
documenting,1
intuitions,4
hit,1
singularitarianism,1
located,2
mcnaughton,1
maurya,1
farm,1
simulink,2
sonos,1
tadahiro,1
datacamp,2
claire,1
healthcare,7
wooga,1
executives,3
mieux,2
sigmoid,1
meertens,4
including,19
lopera,1
mentioned,1
facilitates,2
provisioning,2
chemical,1
blake,1
temporal,4
asma,1
abdennasser,1
molten,2
trusov,1
sword,1
auto,2
auth,1
rormose,1
hands,2
front,3
documented,1
handy,2
masters,1
chronic,1
mastery,3
brener,1
mode,1
advisory,1
upward,1
inputs,3
chunk,1
serbia,1
bluetooth,1
constitute,1
designer,4
computable,2
exceeded,1
transitions,4
special,9
entertainment,2
cause,1
inputted,1
lida,1
hype,6
completely,1
advisor,2
quants,2
geometry,2
determining,2
route,3
maths,2
mac,2
keep,11
ayanna,1
resumes,3
karpathy,2
prospective,1
automating,2
yoni,1
powerful,20
bootcamp,3
improving,8
nearline,2
stump,1
hoque,1
quality,7
management,65
privacy,31
guys,1
relations,4
grow,4
pavel,1
adopter,1
perfectly,2
final,8
gametrak,1
configure,2
exactly,2
lists,3
manipulation,1
fuzzy,4
overwhelming,1
rss,19
ben,3
characterizations,1
midali,1
distinguishes,1
providing,4
bet,1
need,39
instrumentation,1
able,21
purchasing,1
instance,3
relatives,1
singa,1
skeptics,1
singh,4
pursues,3
lecturer,1
lectures,12
fuels,1
deploy,25
netchain,2
aws,110
parenting,2
visualize,3
connected,2
intrinsic,1
gallery,5
stereo,2
topographic,1
tornar,1
databases,10
emerging,6
hirokazu,1
shoes,1
partners,14
forex,7
based,36
devtest,1
earned,1
winner,1
activeclassificationobject,2
bug,2
reactive,1
bases,1
fuel,2
employed,3
technoetic,1
achieve,6
hassles,1
zhenghao,1
overall,8
joins,1
probably,4
tba,9
years,17
procedures,2
processes,10
course,81
taxometric,1
expansions,1
tuned,1
sha,1
processed,1
contain,9
grad,3
albania,1
computed,2
pitch,1
humans,9
operates,1
reinforce,1
korea,1
operated,1
stats,1
myspringer,1
tend,2
state,4
bicheng,1
correctly,3
lui,1
neither,2
importance,11
countrymachine,1
efficiency,3
key,12
disproportionately,1
problem,27
thank,5
limits,1
career,18
olga,1
minds,3
publicized,1
estimation,4
willy,1
addition,7
discrimination,1
cent,1
quiz,1
yan,1
slowly,2
superdatascience,3
closed,3
username,1
optionally,1
controlled,1
jungseock,1
appstream,1
fullerene,1
glossary,3
harder,1
qualcomm,3
replica,1
demo,1
surface,2
simone,1
disclosures,2
orbital,1
euskara,3
generic,1
began,3
autism,1
parts,1
speaker,3
underground,1
party,1
ordinal,1
effect,3
fierce,1
frequently,2
destruction,2
rift,1
transaction,2
tricorder,1
well,34
drone,1
corporation,2
modeler,3
neuroinformatics,1
sourced,1
increasingly,10
accurate,13
sources,2
mistakes,2
skill,7
hess,1
density,2
logged,10
patricia,1
fchollet,1
imposes,1
sonic,1
definitive,1
ample,1
munich,1
unseen,3
sequencing,1
intersection,2
bosanski,1
liviu,1
attila,1
necessary,3
lost,1
ring,2
dictionaries,2
fernando,1
controllers,1
roth,1
martin,4
findfaces,2
page,35
therein,1
shen,1
repositories,1
twitter,17
phenomena,1
library,12
francisco,3
home,49
jln,1
projection,2
pinpoint,2
broad,7
fountain,1
moderated,1
coders,2
nida,1
medieval,1
skunkworks,1
reaching,2
journal,17
reza,1
coates,1
freedom,1
recognized,2
recognizes,1
cocos,1
adopters,1
previously,8
washington,8
interstellar,1
technocapitalism,1
retrieve,2
utility,1
astronomy,4
networking,7
additional,5
unresolvable,1
aruliah,1
museum,1
artoolkit,1
delusions,1
seismologists,1
invisibility,1
notices,1
north,2
hr,4
nupic,1
weight,2
administrators,2
neutral,1
hierarchical,9
gain,5
courts,3
highest,9
hf,1
hd,1
rahul,4
oncolytic,1
cells,1
hosting,2
limit,2
piece,5
display,16
marketplace,5
evaluating,12
featurenearest,2
universal,4
multimodal,1
aerogel,1
education,24
eric,4
mauro,1
diego,3
functions,11
contest,1
yingzhen,1
ghahramani,3
star,2
stay,9
pathways,1
mendeley,1
friends,2
dewey,1
samsung,2
photonics,1
blogs,4
hesham,1
persistent,1
heathman,2
ortega,1
littman,1
diagnosis,2
lives,2
validation,9
similarity,3
dynamic,1
hjerpe,1
troddel,1
consists,4
worldcat,2
calculate,1
aug,5
marcos,1
segments,3
presents,2
teaching,10
femtotechnology,2
updated,6
collaborate,2
downstream,2
connects,1
countsby,2
updates,14
namespaces,5
affect,2
honavar,1
vast,5
hci,4
baking,1
skills,19
companies,36
solution,11
vector,34
markov,2
heading,1
iamrizwan,1
senescence,1
concise,1
japanese,2
scramjet,1
likely,5
sarsa,1
virtualization,1
implemented,6
even,22
iterating,1
saved,2
tirelessly,1
asia,5
liberated,1
cheng,1
spintronics,1
new,102
tips,5
ever,5
metadata,2
med,2
evolving,1
classifiermeasurements,2
orr,1
never,4
drew,1
anthropology,2
met,2
mes,5
neven,1
active,8
cardboard,1
dry,1
suitably,1
oman,1
economics,8
credit,11
suitable,1
moocs,5
campaign,2
performancegoal,2
landscape,3
cbram,1
army,2
inductive,3
dominicana,1
call,7
recommend,9
feednyc,1
type,12
tell,5
supporters,3
danielsdeleo,1
wars,1
kumar,2
olet,1
room,5
rights,2
setup,1
incubator,1
movies,1
oled,1
truemotion,1
tagalog,1
root,2
give,12
hamel,1
implementations,1
involve,3
szeto,1
advancing,2
pustovalova,1
amazing,4
answer,12
config,1
replacing,1
loyalty,2
president,2
purchase,5
attempt,3
third,3
weekender,2
fictitious,2
bahasa,1
parcours,1
operate,10
operations,14
exocortex,1
yaser,2
keyboard,2
scoring,6
kofman,1
personal,33
better,23
weeks,1
confidently,1
donors,2
combination,1
academics,4
therapy,2
singularity,1
rhetoric,1
grammar,4
meat,3
luca,2
acoustic,5
went,3
side,2
mean,8
platformcambridge,1
chiou,1
durability,1
mandates,1
principles,1
taught,7
trading,9
doug,1
extract,3
gradient,25
restricted,2
tales,1
crucial,1
parallelizing,1
content,30
bringsjord,1
venezuela,1
turning,1
linear,48
resume,5
bayesianminimization,2
etfs,4
starts,3
messages,3
signature,2
elasticache,1
user,33
geotechnical,1
features,85
grade,1
featured,10
bionic,2
disciplines,1
burgess,3
phones,1
roommachine,1
copyrightmachine,1
tmos,1
jmlr,1
gym,1
digs,1
somewhat,1
digg,2
approximation,1
anxiety,1
kenji,1
older,1
preparation,4
matter,7
biochemical,1
enabler,1
enables,5
modern,5
mind,2
mine,1
emphasizing,1
seen,3
seem,2
churn,3
seek,2
venkatesh,1
nanoscale,1
ulrich,1
razvan,1
boltzmann,3
regular,6
maria,1
zealand,2
assisting,1
medical,9
dog,2
alphago,2
competitors,1
definitely,1
principle,1
consumer,11
dow,1
retire,1
ending,1
cazzanti,1
lstm,5
acquis,1
unleashes,1
explain,3
integrate,9
folder,1
bahrain,1
endorse,1
coast,2
delannoy,1
saturn,1
bat,1
bar,1
bas,1
fields,12
bad,1
anonymoususer,1
volodymyr,1
architecture,21
ban,1
playstation,2
simonite,4
reference,6
venter,1
testing,14
decided,2
startups,4
prototypical,1
subject,6
brazil,1
said,7
inappropriate,1
sail,1
artificial,91
pets,1
simplest,1
sorts,2
reddit,8
ignorance,1
tripled,1
upfront,1
modeling,8
picking,2
suggested,1
uncertainty,1
distinction,1
contribution,3
monal,1
crunchboard,1
offerings,3
loaded,6
recognises,1
puts,2
basis,3
three,20
trigger,3
interest,5
basic,23
basil,1
exhibition,1
website,4
dickmanns,1
deeper,6
quantities,2
statesmachine,1
hadelin,3
saneryee,1
occam,2
securedrop,1
economies,1
near,5
suppose,1
reconnaissance,1
balance,3
anchor,1
seven,3
metropolitan,1
mexico,2
ir,1
ii,10
canu,1
seattle,2
ie,1
id,3
ig,2
grown,2
finalize,1
quang,1
make,76
polaroid,2
bella,1
meetup,8
potentially,4
analysts,2
ialongo,1
evolve,1
kit,1
delight,1
renaissance,1
bloomberg,1
unicorn,2
opportunity,1
thoughts,1
programs,10
materials,12
claims,1
paradigm,4
investments,1
left,4
answering,1
protocol,1
sentence,2
superalloy,1
identify,17
transforms,2
human,25
facts,3
disinform,1
yet,2
nicolas,1
agile,1
character,5
inefficiencies,1
whatsapp,2
save,2
take,25
reuse,1
interior,2
background,3
dreams,2
generated,10
performing,3
manual,1
macie,1
rakesh,1
testers,1
signal,5
deal,2
qcon,1
maxim,2
wieslaw,2
intern,1
precomputed,2
notification,4
littlestem,1
versioned,2
subscriptions,2
predicting,8
transhumanism,2
popular,16
super,2
oren,1
postgresql,2
magazine,3
azure,47
automatically,24
managers,4
sergio,1
complaints,3
chime,1
refined,1
flying,1
schmidhuber,2
editor,5
bolivia,1
offering,1
analyse,4
failure,1
powerfully,1
infoq,8
analyst,8
builds,2
benchmarks,1
cosmos,1
stages,3
diagnose,3
pontiff,1
classic,1
petit,2
covers,2
drive,7
ship,1
alerts,4
generally,6
agyemang,1
dekel,1
digital,52
warehouse,3
millennial,1
utilities,2
containerization,1
journey,4
neuroscience,6
weekend,1
quinlan,1
billion,2
happening,3
assume,2
annuity,1
daily,6
profits,1
shop,5
managed,17
vagnini,1
manager,11
manages,1
morphology,1
primer,3
sega,1
retention,4
treadport,1
suicide,2
depend,1
technique,3
father,1
editors,3
iraqi,2
finally,3
lalet,1
analogous,1
smartphone,1
string,2
innovation,14
weaponized,1
erp,3
governments,1
apartheid,1
accidentally,1
item,8
excellence,3
technocracy,1
blur,1
zumachine,1
dealing,4
lightsail,1
cancellations,1
flach,1
adds,1
deduplication,1
mysona,2
template,2
overcomplete,1
international,20
transportation,5
guardian,10
makeup,2
french,2
passais,1
earthquake,3
wait,4
box,3
boy,1
mosoni,1
canadian,1
institute,3
shift,1
bot,4
lanting,1
breathtaking,1
useful,11
doojin,1
readmission,1
abhilash,1
licensing,3
transplant,2
everybody,1
wealth,2
sharper,1
spirituality,2
sake,1
visit,3
france,2
scenarios,1
insider,5
peru,1
vous,3
outweighs,1
sharing,8
acceptable,3
curriculum,2
amelia,2
effort,6
avoiding,2
inertial,1
reviews,14
growing,4
making,24
arrive,2
nearest,6
crazy,2
predict,27
confused,1
agent,6
sample,2
normalize,2
regularization,5
nyu,4
strikingly,1
sunday,4
pure,6
maestro,1
nyc,8
map,10
mar,4
may,36
max,2
membership,2
designed,16
mag,1
journals,11
mal,1
man,1
outline,8
johnson,1
maybe,1
q,4
switch,9
yizhe,1
jain,1
talk,17
featureextract,2
shield,1
coilgun,1
seeing,2
stability,1
introductions,3
shake,1
equip,1
group,16
monitor,15
interesting,4
featureextractorfunction,2
coaching,1
policy,25
mail,2
main,9
uptake,1
texas,1
finance,14
views,7
safari,1
nanoengineering,1
killed,1
developments,2
attorneys,1
directories,2
deutschland,1
crypto,1
bingchen,1
guevara,1
zurich,1
conventions,2
unlock,3
malshe,1
summary,10
spiking,1
elizabeth,2
canada,3
technoliberalism,1
jackson,1
multiplayer,1
emerged,1
dominate,1
sensor,2
correct,7
assurance,1
mechanisms,1
california,4
bayes,10
trademarks,2
keith,1
advance,1
language,50
listings,2
suisse,1
thing,4
think,10
first,26
exotic,1
centrale,1
damocles,1
utopianism,1
tetsuo,1
long,16
suspended,1
carry,1
sounds,2
little,10
clusterclassify,2
vermeij,1
amaan,1
anyone,5
speaking,2
meme,1
classifierfunction,2
mining,12
exoskeleton,1
continuous,6
accurately,4
whitelistingmachine,1
broadcast,1
imagerestyle,2
topics,30
voices,2
dash,1
occupied,1
kevin,2
cassandra,12
speakers,1
recreated,1
imod,1
efficient,8
skornyakov,1
consortium,2
potential,16
converged,1
performance,39
personalized,6
switching,3
channel,5
formulas,2
norman,1
brnt,1
normal,8
track,11
friedman,1
paid,4
beta,2
sheets,1
pair,1
beth,1
viewable,1
especially,1
surprising,1
rashid,1
larry,2
amis,1
precise,1
rating,2
shot,1
vishesh,1
show,21
contemporary,1
shoe,2
threshold,2
snider,1
enthusiast,1
apriori,4
enough,7
analytic,2
manoeuvre,1
black,3
raising,1
enthusiasm,1
get,114
contracts,2
employers,1
nearly,5
communicates,1
median,4
yield,2
morning,4
wiki,2
kernel,8
fellowships,1
relative,4
sean,1
eliminating,1
japan,2
calendar,6
wonder,2
registering,1
forecast,1
boundaries,1
behind,16
reading,30
across,38
infrastructure,19
august,16
parent,2
handbooks,1
js,3
ji,1
je,7
dates,2
configuring,1
rowland,1
trader,2
trades,1
according,5
tour,1
tous,1
tout,1
dated,2
orchestration,1
among,11
forecasting,1
cancer,2
venues,2
innovations,2
maintained,1
cancel,1
comprehend,1
specializing,2
sensible,1
unusual,1
tuning,1
capable,3
encryption,2
maro,1
mark,10
workshop,2
educated,1
shopping,3
offered,1
optimality,1
bayesian,14
sound,1
stacked,1
turtles,1
margin,2
conferences,6
abtn,1
middle,2
primitives,1
protein,1
everyday,3
deleteduplicates,2
different,38
doctor,1
pay,2
edwin,1
authentication,4
wizards,1
speech,21
stepped,2
jeffrey,2
oil,4
assist,3
running,5
driven,2
conor,1
macra,2
markup,1
identifiers,3
roughly,2
substantive,2
solve,17
imagegraphics,2
gates,1
money,3
mgmt,2
imprint,1
reputable,1
aspect,1
zhengzhou,2
doctoral,1
nas,1
electrical,3
extensive,3
careers,19
grip,1
nidhi,1
presentable,1
nando,2
grid,7
mon,3
credentials,4
moa,1
aiming,1
acquainted,1
identifying,2
unsourced,5
serves,4
server,13
facing,1
audience,2
either,5
retailers,2
served,1
passionate,8
trying,4
specifies,1
routines,1
specified,3
images,17
organizing,1
matching,5
genetics,1
confirm,3
extensively,1
pioneer,1
critical,7
decomposition,1
expressing,1
measuring,2
considering,1
tomorrow,1
seconds,4
notable,3
broker,2
lodhi,1
refers,2
crafting,1
meaning,2
practical,5
aquaculture,1
road,1
organizers,1
fitriyanti,1
certify,1
franchising,3
spreading,1
skilled,1
references,12
inbox,4
millipede,1
activepredictionobject,2
brute,1
compliant,1
mondays,1
labelling,2
kohavi,1
apis,8
cortana,3
sophisticated,4
gora,1
correlated,1
nanotubes,1
drills,1
peeking,1
embed,2
playlists,2
videos,32
citation,14
censor,1
deep,86
general,20
file,14
importing,1
lifetime,1
allocating,1
cables,2
fill,1
assessing,2
ponteves,2
drivers,1
hybrid,5
noninvertibility,2
field,19
hybris,1
students,24
deriving,1
important,30
tackle,1
beniamino,1
remote,3
driving,3
unload,1
u,5
kuwait,1
starting,10
represent,6
sergej,1
duplicates,1
alerting,5
founded,1
sergey,1
cooperative,1
talks,4
expressions,7
children,1
reluctant,1
preserved,1
alberto,1
enjoying,2
fukuda,1
premium,1
straightforward,1
translations,1
wittek,1
fall,3
ius,1
difference,5
steve,2
underfitting,1
catherine,1
arts,3
saudi,2
biological,1
titled,1
portable,1
zero,3
perspective,1
transcoding,1
activations,1
public,15
movement,3
component,6
operating,7
publishes,2
monetize,1
search,132
antipositivism,1
published,2
narrow,2
transit,1
boosting,2
africa,6
ryotaro,1
aptitude,1
establish,1
languages,9
eye,3
distinct,3
destination,1
two,24
governance,1
comparing,4
torre,1
achieving,1
hegemony,1
diamond,1
admissions,2
controlling,2
varying,1
git,1
qcons,1
salesforce,4
hour,2
cluster,7
recall,1
der,10
specializes,1
dev,1
remain,3
del,2
den,1
strategies,2
dec,3
specialized,8
purchases,1
compare,4
mackay,1
galleries,1
share,62
minimum,1
numbers,5
sharp,1
robinson,1
biography,2
needs,17
comfort,1
csa,2
mapr,1
procellaria,1
ensemble,1
workspaces,1
advice,3
connectivity,3
revolutionizing,1
faculty,5
mariadb,1
response,2
entry,4
illia,1
coal,1
solidify,1
responsibility,1
retrieval,5
industrial,4
filters,2
suffer,1
pcs,1
scully,1
late,2
pac,2
pca,7
cnmn,1
someone,5
seeking,2
timestamp,2
inception,2
association,9
mystery,1
easily,26
gender,3
repeating,1
dmlc,1
everyone,11
mental,3
house,6
tiffany,1
hard,3
idea,11
connect,18
insurance,6
initiatives,3
perry,1
funding,5
participants,1
sloan,2
learners,5
illustrate,3
evaluation,6
constantin,1
viewreviews,1
kriegel,1
mikhail,1
capture,9
term,2
members,8
beginning,2
benefits,3
finland,1
copper,1
adesh,1
instances,4
donc,1
done,5
cade,4
dong,1
razor,1
twenty,2
least,10
regulation,2
sammon,1
statement,9
pietquin,1
travail,1
para,2
manapat,2
park,1
selector,1
part,61
trolls,1
believe,5
percentage,1
b,5
youth,2
declare,1
interactive,10
debugging,3
wikidata,5
categorized,1
orders,1
mountain,1
built,15
depending,6
majority,3
build,65
nettrain,2
chart,1
nitin,1
significant,12
services,69
extremely,1
kd,1
humanitarian,1
universiteit,1
weigh,1
joining,2
sector,1
thomas,2
particularly,4
scattered,1
minimizing,3
businesses,3
carefully,1
headlines,1
fine,1
find,45
giant,2
distributed,7
adjustments,1
prowess,1
keras,3
express,1
luka,1
cheaper,5
remove,1
garcia,1
redefined,1
common,15
logistic,20
lion,1
individual,8
leslie,1
degree,11
expert,4
please,17
donato,1
readme,1
videosmachine,1
donate,7
meal,19
interfaces,2
transmettre,1
hacking,3
reverse,1
restaurant,12
annual,2
alon,1
craftmanship,1
consume,1
point,5
simple,29
hideki,1
simply,11
yesberg,1
throughout,1
expensive,1
backend,2
platinum,2
kernels,2
consuming,1
raise,1
discriminant,3
create,53
creativity,3
secret,1
ireland,2
cyborg,1
gas,5
gap,1
gal,1
understand,26
prices,1
politician,1
talking,1
solid,7
elgammal,2
bill,1
hnot,1
fun,1
lingo,1
portugal,2
sienko,1
facade,1
italy,1
puis,1
wherein,1
harita,1
bengio,3
emphasize,1
copying,1
ray,1
development,46
examplesmachine,1
jureta,1
keys,3
assignment,3
infuses,1
gamelift,1
moment,1
purpose,3
aggregate,3
task,8
nola,1
spent,6
sortby,2
salvatore,1
organization,5
chemistry,4
spend,1
lda,1
acronyms,1
ceo,4
shape,1
atomic,2
alternative,1
alignment,1
letting,1
cut,3
deputy,1
kinect,1
source,18
saaibi,1
excited,1
cui,1
bin,1
bio,2
big,51
laughed,2
athira,1
matters,4
bit,3
cognitive,6
addressed,1
glove,1
zurada,1
google,62
often,28
absolutely,2
back,24
accelerate,7
lars,1
scale,27
scala,3
pet,3
affects,1
everythingguide,1
saas,2
integration,6
per,15
pell,1
pankaj,2
connecting,1
manipulate,1
filipchuk,1
nose,1
patient,2
taxing,1
continuing,3
use,136
usc,1
optimize,6
rapidminer,1
goods,3
consumption,1
pytorch,1
graduation,1
wickham,1
extensions,3
scripts,4
martinez,1
frames,1
multilayer,2
mkl,1
handbook,1
forward,7
translate,2
subfields,2
invite,1
sds,1
murphy,2
hoped,1
chaudhari,1
hopes,1
sdk,1
jonathan,1
mavericks,1
requesting,2
rdocumentation,1
clips,2
zhe,1
adail,1
autonomous,6
recognition,41
metal,2
engineering,86
humanities,3
functionality,1
explaining,2
lena,1
shopkeep,1
prepared,3
lens,1
restoration,3
utterly,2
splunk,1
aggregated,3
scouting,1
vehicles,2
tradeoff,1
presenting,2
uterus,1
allscripts,2
jason,20
amplifier,1
wrangle,2
snowmobile,2
intricate,2
query,5
helps,11
enlightenment,1
labels,2
automotive,4
putting,4
entire,2
shock,2
yangzhou,1
prototypes,1
eigenvalues,1
optics,5
thiago,1
hardening,2
murad,1
educators,3
rivers,1
replicated,1
vmware,1
reconciliation,1
chicago,2
giving,1
practices,5
access,49
dendrogram,2
javascripters,1
body,2
mauricio,1
exchange,1
multinomial,2
leveraging,1
teleportation,1
jointly,1
objects,1
others,3
tremor,1
safer,1
extreme,3
talent,8
lionsolver,1
sixense,1
zoubin,6
crystallize,1
implement,10
honor,1
formulated,1
private,12
jaskaran,1
beanstalk,1
gateway,5
toshio,1
nobel,2
butler,1
convolutional,7
upcoming,6
train,26
normalized,2
iii,1
subscription,8
account,20
f,4
gabriel,3
assumptions,2
obvious,2
fetch,4
decoupled,1
something,12
reserved,2
appliquant,1
reram,2
technolibertarianism,1
jhon,1
effectively,3
quicksight,1
fazeli,1
timetables,3
holds,2
regions,2
winners,3
brian,2
forest,8
nips,1
stock,9
profile,7
buildings,1
conversationamazon,1
fram,1
philosophy,5
modelevolution,1
collection,6
scalable,17
multiplication,8
binh,1
bing,2
subreddits,1
lines,3
guatemala,1
chief,7
laurie,1
subsequently,1
despite,2
agricultural,2
massimiliano,1
industries,12
le,3
la,2
accredited,1
winning,2
vaibhav,1
willing,1
webex,1
lp,1
dad,1
descriptive,4
gauging,1
expressroute,1
mention,3
cutting,1
day,10
february,2
corinna,1
identified,2
morris,1
identifies,1
experienced,4
constraints,1
activate,1
waking,1
nantenna,1
programmer,3
sawaragi,1
standardizing,2
matt,8
rey,1
hedges,1
sornsoontorn,1
messenger,4
lecture,21
electronics,6
red,2
jessica,1
workflow,14
frank,1
langford,1
approaches,6
que,3
allosphere,1
likelihood,2
interaction,11
recipes,1
yarn,1
vehicular,1
elasticsearch,2
barriers,1
retail,12
facilitate,1
unrolling,3
south,3
strategic,1
improvements,4
reached,3
reliable,8
taniguchi,1
ancient,2
anzeigen,1
intermediate,4
palestine,1
programmable,2
vardhan,1
explanation,2
acquire,1
rajagopal,1
environmental,4
democratization,2
codetable,1
sweden,1
lover,1
visited,2
doctorate,1
abstracts,2
curves,3
comfortable,1
unlikely,1
demonstration,2
dallas,1
rylander,1
mid,1
leverhulme,2
mix,2
concerns,1
copied,2
mit,14
uncategorized,1
unless,1
anonymized,1
preliminary,1
payment,3
gurus,1
request,10
disease,1
graphs,2
workspace,1
rendezvous,3
araujo,1
selection,6
text,21
supported,1
visualized,2
postdoctoral,2
portfolio,3
supporter,1
staff,4
inspiring,1
knowledge,24
sparks,1
hanneke,1
controls,3
etzioni,1
bernard,1
llcai,1
photographs,1
pharmacology,1
beat,1
photography,24
areas,9
ecotechnology,1
fixes,2
teams,31
handwritten,2
experiences,3
exists,3
national,5
corporationmachine,1
svenska,3
skynet,1
greece,1
backchannel,6
phases,3
editorsmachine,1
workdocs,1
attempting,2
pattern,6
discounts,1
difficulties,1
routing,1
routine,1
progress,2
boundary,4
equifax,6
transpose,2
implementing,5
climatologists,2
optional,6
instant,4
taking,7
equal,1
assure,3
moderators,1
ahajjam,1
comment,10
relevant,11
statues,1
coexistence,1
omnichannel,2
pouring,1
copies,1
migrate,4
tyler,1
indicators,2
proposal,3
anomaly,11
define,2
essentially,1
bulk,2
finished,1
clusters,4
abhishek,1
assessments,2
fellow,2
homes,3
atmospheric,2
plain,1
nd,1
value,38
hubs,2
revisited,2
frustrating,1
manually,5
almost,6
linkedin,17
helped,2
arabia,2
partner,18
inspector,1
regression,89
handa,1
productivity,11
metrology,1
administration,2
another,5
eugenio,1
hermeneutic,1
neolithic,1
material,2
iot,10
ios,9
ion,1
scholars,2
tighter,1
center,20
neural,60
nevertheless,1
builder,1
seth,1
seti,1
thought,5
procurement,2
sets,23
datacenters,2
creators,1
latest,13
ny,6
stores,2
lstms,2
executive,3
domestic,1
interim,1
bozarth,2
protecting,1
ads,2
podcast,6
passively,1
lake,8
mathematically,1
add,17
ade,1
citizen,1
smart,9
tests,1
lofgren,1
cntk,1
telepresence,1
deployment,23
aparecido,1
insert,1
like,46
success,11
heey,1
journalism,1
works,13
soft,2
university,40
italian,2
accessible,3
classical,14
autostereoscopy,1
regularized,5
convey,1
recommendation,4
proper,2
happens,2
est,1
congress,1
sensorama,1
tmi,3
prose,1
noise,7
contextually,1
host,5
although,6
hanlon,1
preventative,2
panel,2
actual,3
justin,3
introduced,1
predictor,8
microservices,4
photovoltaic,1
rendered,1
smarts,1
pergamom,1
functional,3
billions,5
dataset,4
chris,1
guard,2
esteem,2
ridge,1
elastic,11
adversarial,3
awarded,1
joaquin,2
biggest,6
touted,1
michelangelo,31
buy,5
bus,2
brand,7
seldonio,1
davide,1
versatile,2
assets,4
ecosystem,2
j,5
minutes,2
deaths,1
measure,2
pid,1
identities,2
campus,1
mathworks,2
detail,7
virtual,23
ultracapacitor,1
adam,3
ubs,2
resembles,1
gamulin,1
ecological,4
svms,1
readline,1
lumberyard,1
prize,4
prevalent,1
jevgeni,1
cpu,3
netmodel,2
biotechnology,3
augmented,6
limited,4
assembler,1
colleges,2
poorly,1
tweel,1
parin,1
risk,15
rise,1
amorphous,1
every,24
upstream,1
school,8
induction,2
tabish,1
rcase,1
enjoy,2
leaders,1
opencourseware,3
construed,1
direct,1
nair,1
estimated,5
blue,1
democratizes,2
selected,7
conduct,3
kurosh,1
seeks,2
dashboard,6
ferrarini,1
zach,1
hundreds,6
studio,7
path,9
yadav,1
digits,1
forum,5
attending,1
omohundro,1
changed,4
mentor,2
changes,14
julio,1
julie,1
feelings,1
cassini,1
forums,7
genomics,3
would,30
hospital,1
khein,1
asset,1
spike,1
earley,1
preview,11
assessment,9
saber,1
cheminformatics,2
naive,11
facebookarthur,1
phone,2
vpc,2
excellent,1
vpn,1
madrisan,1
supplemental,3
must,4
join,10
ml,38
lukas,1
install,2
henry,1
estate,8
gadgets,7
orion,1
scheduling,3
times,5
attract,1
guarantee,5
sought,2
end,10
eng,1
bekker,1
writers,2
renyi,1
widespread,1
description,7
parallel,4
hypotheses,1
complexity,14
algorithms,74
ultimate,2
enter,6
amit,2
archaeology,1
devbox,1
prioritizing,2
biomedical,3
london,5
biofuels,2
digest,1
bottleneck,1
expectations,1
writing,5
edits,2
predictorfunction,2
caffe,2
eugene,1
interdisciplinary,1
safwat,1
netherlands,1
alex,6
copyrightgetting,1
bosnia,1
notified,2
affiliate,3
fitness,6
consolidate,2
signing,1
tip,1
cognito,1
haired,1
kukreja,2
got,6
newly,3
hana,1
apr,3
perception,3
associate,5
free,33
streamline,1
mastering,2
wanted,1
foodtubes,1
selwyn,1
updatesinvestopedia,1
inexpensive,1
days,29
filter,4
virtuality,3
onto,1
already,11
researcher,4
coding,4
primary,1
rank,7
nhs,1
emporia,1
revival,1
dhall,1
top,40
bitcoin,2
fiction,5
tom,6
inconvenient,1
variational,1
insightful,1
ceiling,1
murder,1
tool,6
serve,2
took,1
bulletins,1
roles,2
plupart,1
reconstructing,1
classes,2
stacey,1
honourable,1
bridge,1
fashion,2
underfit,1
rohit,2
relatively,4
traditionally,1
isolated,3
thorough,2
client,21
educator,3
evangelist,2
though,11
promotions,1
slides,18
peers,1
partition,2
flow,3
interviewmachine,1
enterprise,34
yann,2
desktops,1
mikeizbicki,1
ransomware,3
random,26
radio,3
solutions,48
earth,5
analogue,1
availability,2
cholesky,1
stephane,2
announce,1
ocr,1
oct,3
ocw,15
continuity,4
mixture,2
watch,6
fluid,2
amazon,99
wedding,2
report,43
toolbox,2
sequencepredictorfunction,2
countries,1
excel,1
suomi,3
nram,1
automatic,5
blackwell,3
roadmap,2
detection,17
correlational,2
hrvatski,1
capacity,1
tensor,1
measurementblog,1
propulsion,3
hrvatska,1
interviewing,4
finger,1
hopefully,1
approach,21
discovery,4
adding,6
confusion,4
however,2
dedication,1
news,41
techies,1
improve,28
adapting,1
protect,4
extracts,1
games,2
faces,2
variance,3
expense,1
trust,9
conference,12
kurniawan,1
simplification,1
warehouses,3
quickly,21
confident,2
containers,16
uncommon,2
enterprises,2
craft,1
immersive,1
nanosensors,2
n,4
gumbel,1
teachers,1
facebookmachine,1
procedure,1
cyclones,2
trinadh,1
graphene,1
referativnyi,2
accessories,1
experts,7
agarwal,2
containing,5
suggest,1
niko,1
citeulike,4
complex,26
regulatorymachine,1
inventory,1
several,20
satellite,2
schiller,1
numerical,2
fridays,1
portal,14
groundbreaking,2
positives,1
normalization,5
cycle,6
dylan,1
prioritize,1
ocean,2
crosslinks,2
ayasdi,1
alarms,1
karina,1
seasonal,2
graded,1
unemployment,2
laptop,3
technological,28
humanity,1
gave,1
vrije,1
advances,2
breaks,1
perfects,1
cultural,1
sanitary,1
advanced,19
gift,2
hunt,2
yarin,2
sandhu,1
specific,21
officer,2
arbitrary,2
ustal,1
successfully,5
rram,3
malaysia,2
election,4
advertise,6
tutorial,11
ico,1
ica,1
antimatter,1
ice,2
everything,2
ict,2
core,12
algorithmic,2
gillella,1
featurespaceplot,2
plug,1
issueblog,1
misleading,2
ensure,7
sepp,1
constructivism,1
efforts,1
twitch,1
yasuo,1
donates,1
presence,1
civil,2
entrepreneur,3
accomplishments,1
rely,6
categorization,1
transform,5
sends,3
metamaterial,2
laga,1
synthesis,2
head,4
medium,1
icml,6
differences,1
removes,1
wireless,5
hear,2
solar,3
lncs,4
vive,1
versions,2
simplifying,1
submitting,1
nanomedicine,2
advancements,1
simulations,1
perez,1
check,6
constructed,2
telemetry,1
ne,1
ng,5
tim,4
setting,3
papers,23
tie,1
implant,2
depot,1
picture,7
rising,1
sql,12
faster,13
corresponding,1
uncovered,1
serious,2
neighbors,6
roi,2
particular,8
focus,16
deliveries,2
leads,4
computation,5
llc,2
inverse,4
environment,10
charge,1
discovering,2
advantage,1
artwork,1
cool,3
clouds,4
level,18
valentin,1
philippines,2
posts,10
standards,7
science,154
quick,8
propellant,1
des,2
says,17
trend,4
colin,1
pmc,1
constitution,1
goes,7
reply,1
groups,8
henke,1
healthy,2
pseudoscience,1
exams,1
weird,1
navigation,22
rafael,1
subcategory,1
problematic,1
gurkanwal,1
modifying,2
peer,1
thrun,1
sports,6
stored,4
handles,2
iphone,18
memory,22
micron,2
hinton,1
prev,2
mazzone,1
today,6
athena,1
chapter,2
sessions,2
clicking,1
outputs,3
employee,4
cases,14
insights,19
local,14
modified,3
districts,1
viewfinder,1
placements,1
trump,2
figure,15
newsletters,3
cloudsearch,1
counting,1
hydrogen,2
requirements,8
secured,1
rubio,1
endorsement,1
plus,14
michigan,1
crashes,1
huge,6
digesting,1
representations,2
classroom,2
branches,2
commodity,1
legalese,1
annealing,1
representation,14
codingmachine,1
exclusive,3
acts,1
blocker,1
mainly,1
blocked,6
quantifies,1
organisation,2
platform,32
offers,8
unveiling,1
conversations,4
evolution,8
delighted,1
qualified,4
conquer,1
execute,5
holographic,1
name,8
synchronize,1
realise,1
stahr,1
realism,2
weighted,2
mohammed,1
torch,2
webinar,7
persian,1
farewell,2
distributor,8
adequately,1
intended,1
hacker,4
ultimately,2
apporter,1
factory,2
jaime,1
eagle,1
attended,1
theory,18
hull,1
dispatched,2
obituaries,1
software,95
disillusionment,1
motion,7
turn,2
manthorpe,1
place,10
origin,1
surviving,1
revenue,1
lakha,1
coming,5
bishal,1
simplified,4
generative,7
array,3
george,3
engineer,11
given,20
ian,1
europe,7
plastic,1
cooling,1
terrifying,2
white,4
gives,4
holden,1
exploring,1
hub,4
montenegro,1
alan,1
released,1
gatedrecurrentlayer,2
lazy,1
zhurnal,2
huy,1
specify,3
population,2
wide,4
require,4
computes,1
modelled,2
computer,90
modeller,2
outcome,3
oath,1
pro,2
generalization,1
elearning,3
exchanging,1
conversion,1
exploratory,1
ideas,8
sciences,22
ideal,6
animation,6
strengths,2
sure,8
multiple,17
printable,5
nvidia,5
visitors,2
donation,6
weller,2
multiply,1
librarian,1
mmdgan,1
considered,2
adopt,4
senior,4
cortes,1
quantity,3
slope,1
nlp,9
drastically,1
cheat,1
workshops,4
cheap,2
junky,1
hack,2
shingo,1
gulf,1
written,6
examples,26
explicitly,3
kinesis,1
viewpoint,1
portions,2
hedge,1
trade,2
reveal,2
regarding,1
joked,1
outperform,1
xeon,2
republika,1
ignored,1
eunsu,1
connections,2
evgeniy,1
ability,15
surfaces,1
detect,6
mortgage,1
federal,1
review,10
outside,5
reproducible,1
arrival,1
proquest,2
rumours,1
qubits,1
flcd,1
postpositivism,1
sebastiaan,1
tooling,2
hempel,1
cities,1
come,12
wanders,1
libya,1
hendrickson,1
dario,2
region,1
regressions,2
pakistan,1
filtering,4
color,2
pot,3
robotics,6
period,5
sampling,5
satisfaction,4
iterations,1
nicola,2
noisy,1
turkey,1
aode,1
spotlights,7
howard,1
subscriber,1
helicopter,1
featuring,2
engine,11
direction,1
andrey,1
nilesh,1
andrew,8
andrej,1
andrei,2
careful,1
protocols,2
case,42
cash,1
admin,1
prescriptive,1
unsatisfactory,2
coupled,1
discrepancy,1
good,20
presentations,1
author,7
alphabet,5
magyar,1
trip,2
shifts,2
events,30
geitgey,1
week,11
downloads,7
driver,2
drives,4
producers,1
persons,2
arose,1
changing,4
relies,1
modes,4
minimize,1
magical,1
without,30
eesti,3
components,12
model,216
researchers,21
justify,1
captures,2
actions,4
oxford,2
guides,8
captured,1
sampled,3
feminist,2
seems,6
empiricism,1
blog,26
lets,5
blob,1
samples,7
disrupt,5
ross,1
kingdom,3
virginia,2
traffic,16
scheduler,1
schedules,1
particle,1
reduced,2
simulator,3
clusteringcomponents,2
competition,3
deduce,1
intact,1
provided,4
mooc,5
xing,1
redis,1
legal,10
kamel,1
provides,13
provider,3
googles,1
nervanasystems,1
update,12
polach,1
demarcation,1
discussed,4
spss,3
estimator,2
stand,1
marisela,1
gregory,1
discusses,1
os,2
cambridge,4
communication,10
accounts,1
determine,7
theoretically,1
hazards,1
cultured,1
archivemachine,1
valley,2
energy,12
treat,2
fundamentals,9
jun,4
longer,4
datasets,16
applying,11
wholesale,4
petabyte,1
grasp,3
monteleoni,4
cba,1
measurement,3
intro,7
tasty,1
diversity,4
encompass,1
biochemistry,1
enseigner,1
multiclass,5
inbound,1
announcements,2
collaborative,2
superconductivity,2
carnegie,4
includes,19
nucleus,1
recognise,1
stocks,4
psychology,1
calls,1
invest,3
curve,2
websites,4
directory,11
bequeathing,1
chinese,3
gupta,3
lack,2
kicks,1
scalar,2
lacy,1
meditation,2
disk,4
decisions,8
jerome,1
synthetic,7
thursday,1
removal,3
program,28
stochastic,2
roc,4
far,7
soni,1
faq,9
print,4
fan,1
ticket,1
list,15
hendel,1
lise,1
programme,1
holography,1
escalation,1
ten,3
ted,21
vorotyntsev,1
rate,3
design,62
belief,2
nonlinear,3
pinterest,5
sun,1
sum,2
brief,2
version,13
intersect,1
segmentation,3
christian,1
tags,4
behaviour,3
drudgery,1
retraining,3
compressed,2
directions,1
equations,1
naval,1
allows,12
shopsavvymachine,1
options,10
reudismam,1
mabu,1
tightness,1
tollefson,1
semiconductors,1
manohar,1
textcases,2
overfit,1
appliances,1
demis,1
mikhailovich,1
markets,7
flat,1
mellon,4
newlyweds,1
definition,4
immersion,1
readers,1
cryoprotectant,1
flag,1
basically,1
known,7
salvador,1
equation,5
v,11
renato,1
computers,22
challenging,3
findclusters,2
matej,1
airplane,1
zheltonozhskiy,1
cours,2
goal,16
rather,3
occasionally,2
conceptual,3
explains,3
detonation,1
vlad,1
sandwich,2
ubiquitous,1
algebra,3
weaknesses,1
catalog,6
wayag,1
privacymachine,1
short,2
poulopoulos,1
tsai,1
findgraphcommunities,2
trevor,1
hockeyapp,1
grandi,1
september,12
essence,1
goncalves,1
emmanuel,1
mission,4
scientist,20
developer,33
jacobs,1
cryptology,4
acoustical,1
stephen,2
argentina,2
pram,1
return,5
hyperloop,1
deletemissing,2
framework,16
milestone,1
communities,3
instructions,2
marcus,1
tedx,2
utilized,1
inherent,1
formulate,1
generation,2
interviews,1
expect,6
loops,1
inflated,1
newslettersmachine,1
discrete,2
cornelissen,1
faqs,5
health,24
fiber,1
friday,1
guess,7
cookie,12
teach,4
generate,18
modularity,1
circuit,4
logisticsigmoid,2
feed,15
dina,1
feel,2
relate,1
construct,2
colombia,2
pablo,1
passes,1
story,6
utilization,1
leading,10
interact,7
rails,3
swarm,3
storm,2
architecting,1
gpu,4
finances,3
ecuador,1
pipelines,17
option,8
relieved,1
hotel,1
retinal,3
blaise,1
optical,10
albeit,1
kind,7
double,1
dans,4
aims,3
architect,4
risks,3
outdoors,1
restful,2
motivation,7
outstanding,1
rochester,1
judah,2
transactional,4
conforming,1
finding,10
donor,2
added,6
electric,2
warnings,1
customize,2
goldman,2
measures,5
reach,6
screenings,1
architects,1
react,1
storefronts,1
amar,2
nothing,4
measured,1
unsupervised,21
windows,13
traditional,17
mechatronics,1
adaboost,2
caching,1
notch,11
institutions,1
rtd,9
programming,33
stumped,1
gilded,1
penalty,2
publicity,1
gains,1
compiled,4
bhojraj,1
fastest,3
freecodecamp,1
shared,6
continuum,1
aimickey,1
factorization,2
investigate,1
mlpy,1
activity,4
sustainable,3
vincent,1
cranston,2
art,2
intelligence,85
defense,7
dumb,1
learns,3
threats,2
systemmodeler,1
vont,1
raithel,1
formatted,1
libraries,11
various,8
marriage,1
numerous,2
latin,3
recently,9
creating,3
sold,1
attention,1
rapid,1
opposition,2
relying,2
c,6
paradigms,1
mxnet,3
license,4
quantization,3
roman,2
became,3
context,2
arbitrarily,1
reasons,2
cryptosystem,1
ogawa,1
loghype,1
pr,5
java,13
due,5
strategy,9
reduction,5
refrigeration,1
pm,44
toolsets,1
maser,1
dropout,2
precision,3
brokers,2
demand,6
instructor,8
plants,1
georgia,2
batch,28
behavior,7
engineers,28
unitary,2
bhadra,1
neurons,1
frantic,1
yosemite,1
ignacio,1
hadoop,3
widely,3
scaria,1
higher,5
paths,14
flows,1
usually,5
flown,1
moving,6
birch,2
robust,3
stateless,2
lower,4
metis,5
analysis,44
edge,5
machinery,3
stating,1
abilities,1
atkeson,1
masaki,1
competitive,5
questions,19
inference,3
meher,1
tables,1
loading,1
plateau,1
generalized,1
associations,1
customers,29
vendor,1
unlimited,12
aggregation,1
pacheco,1
skeptical,1
webinars,6
marian,1
polymers,1
cheval,1
shapes,2
collect,3
arthur,3
translators,4
essential,2
sitemap,4
ecology,1
brasilico,1
streaming,6
newsletter,13
gradually,4
pros,1
seller,1
retro,2
tends,1
prof,1
anna,1
vishnuvardhan,1
updatescmu,1
jumps,2
palmer,1
kdnuggets,1
informatics,2
intense,1
pipeline,11
housekeeping,2
entrepreneurs,5
completing,5
range,11
dialog,1
plethora,1
question,3
fast,5
analyze,12
sections,8
plunge,1
criteria,1
deviations,1
fisheries,1
australian,1
deployed,19
moriwaka,1
fulfilling,1
prep,12
fishbach,1
highlight,2
z,4
called,12
shortcuts,2
rally,1
hamid,1
peter,3
activeclassification,2
marching,1
malicious,1
income,1
mcdonnell,1
nice,1
users,33
backbone,2
problems,37
srpski,1
helping,3
develops,2
allowing,2
theano,2
exoplanets,2
nast,1
vice,1
nasa,4
weights,4
intentional,1
scroll,1
epitomizes,1
issued,3
resistance,1
alien,1
technorati,2
rajkamal,1
winds,2
lafferty,1
edx,1
contributions,5
issues,11
technorealism,1
metallurgy,1
breach,1
include,19
dramatically,1
confirmation,1
mainstream,1
engineered,1
electron,2
nanomaterials,2
cardoso,1
kartik,2
notes,8
facebooks,1
deals,2
compositing,1
relation,3
noted,1
cfi,1
minshin,1
cfa,1
manipulating,1
universities,3
flagship,1
checkers,2
showcase,1
hardest,2
networks,48
capital,2
cao,1
ammunition,1
multivariate,3
srvb,1
desires,2
explore,17
separation,1
ukraine,1
metro,2
warehousing,2
larger,4
grandes,1
leaving,1
suggests,2
olivier,1
examinations,1
apple,16
scales,2
egypt,1
app,17
integrations,2
api,22
apn,2
apply,10
bindings,1
fed,4
feb,3
stream,6
usa,2
mllib,1
depicted,4
sort,2
enablement,1
equity,1
detects,1
codepipeline,1
women,7
stumbleupon,4
anywhere,1
proof,1
proprietary,7
certification,7
tag,10
archetypal,1
overfitting,5
sir,1
united,18
gurt,1
six,1
hadley,1
dependent,1
specialisation,1
sie,1
instead,8
panic,1
outlier,2
readiness,1
light,1
elia,1
farming,1
strandbygaard,1
looks,2
quake,1
raw,4
linguistics,1
ships,1
navtej,1
estimating,1
permanent,7
choose,6
inspecting,2
orange,1
covered,1
defining,1
techcrunch,7
pending,1
crash,1
practice,13
campaigner,1
investor,1
articles,25
edit,17
weather,6
bills,1
related,27
textrecognize,2
repository,11
category,2
dbscan,1
sentiment,2
frontier,2
integrates,2
convolutionlayer,2
deloitte,1
honorable,1
supports,7
integrated,11
disclose,1
rewrote,1
magically,1
dictionary,2
ipod,1
affective,1
belgique,1
york,8
codebuild,1
philip,2
obscure,1
knime,1
g,4
conversation,1
adrian,6
caio,1
quadratically,1
rumored,1
cremers,1
echo,1
trymachine,1
straight,4
endemic,1
salient,2
weka,1
publication,1
unknown,3
inner,1
agility,1
academy,4
transistor,1
badugu,3
goteti,1
july,9
mehryar,1
patients,1
migration,5
clip,2
linked,1
afraid,1
nederland,1
nanoelectromechanical,1
agency,3
divers,1
aymane,1
centre,5
petrol,1
collaboration,4
flipboard,2
atomtronics,1
class,10
refreshing,1
archiving,2
hi,3
diagnostics,1
superfluidity,1
refund,2
svetlichnaya,1
chapters,1
hardcover,1
schouwenaars,2
fear,1
debate,1
cache,2
operational,2
candidates,1
thousands,5
watching,1
suen,1
diagnosing,2
ones,4
words,2
ended,1
garbourg,1
languageidentify,2
differential,2
partin,1
precomputing,1
ripley,1
queries,1
view,45
conversions,1
predictive,30
acquired,3
favero,1
closer,3
simmi,1
cole,1
yukiko,1
stergios,1
identification,1
annealers,1
stories,39
bought,1
rightscomputer,1
exam,8
opening,1
whitepapers,2
agencies,1
embarrassment,1
job,28
hypothesis,5
joo,1
commands,1
wilbur,1
april,15
safely,1
sequencel,1
environments,2
walk,11
packaging,1
subscribe,16
rpc,3
sequences,2
rpi,1
table,1
masato,1
trademark,2
charts,2
transformer,1
techtarget,1
applemachine,1
mike,8
telco,1
recherche,1
improved,2
present,3
dimensionreduce,2
supply,3
layer,3
xgboost,1
perhaps,3
cross,1
member,2
unity,2
containerized,2
largest,3
gets,6
difficult,7
automation,13
student,15
incredible,1
geomblog,2
english,13
sensing,5
personalised,1
cristi,1
rocket,1
heavily,1
obtain,3
tco,2
batteries,1
ceglowski,1
happiness,2
collingridge,2
console,5
guts,1
capabilities,4
adoption,2
ebsco,4
usage,8
identical,3
anjin,1
blueprints,1
know,26
facial,5
press,12
variants,6
ferai,1
helpful,2
vortex,2
hosts,5
james,2
sequence,12
elki,1
searching,5
tumblr,2
platforms,5
growth,10
holler,1
employment,1
jeremy,2
lead,3
realistic,1
breakthroughs,2
miner,3
leap,1
locate,1
mitx,2
analyses,1
analyser,1
perspectives,1
upchurch,2
getting,25
universe,1
dependence,4
shipping,2
surge,1
sighting,1
clojure,2
polosukhin,1
mram,1
promise,3
van,2
artifacts,3
transfer,4
apps,48
smoothing,1
vaz,1
quadratic,1
kang,1
automates,2
triggered,6
shane,3
funds,1
volume,8
tasked,2
automated,8
made,16
tactics,1
whether,11
record,4
gaps,2
gibryon,1
demonstrate,1
trung,1
broadly,1
podgurschi,1
mutual,1
calibration,1
percent,2
tatham,1
hutter,1
book,8
boom,1
branch,4
incredibly,4
conclusion,1
kinds,3
june,8
inherently,1
frustrate,1
balso,2
moshe,1
dimensionreduction,2
volumes,6
