four,5
looking,2
electricity,1
superficially,2
hermann,1
saskatchewan,1
regional,4
bratislava,2
fractal,2
prize,29
commenter,1
wednesday,1
nigerians,1
tetrahedron,1
ligure,1
miller,2
empirical,1
tires,1
second,6
contributed,4
aalto,1
fossil,1
numeral,4
increasing,2
error,3
affiliates,1
atoms,1
reported,1
china,8
affiliated,3
kids,4
k,2
reports,9
norsk,2
gluons,1
wikimedia,3
explained,1
replace,1
unix,1
girardin,1
classifieds,2
unit,1
derivatives,1
dna,2
browse,21
accommodation,7
gradarius,3
music,4
therefore,3
strike,1
getlists,1
von,3
skewness,1
populations,1
successful,2
brings,3
jmm,4
hold,1
circumstances,2
pursue,4
concepts,7
example,2
wang,2
organized,1
fibonacci,1
want,7
absolute,1
hod,1
travel,16
feature,3
machine,2
methodology,5
symposium,1
classify,1
wolfram,7
types,4
effective,3
helsinki,1
wins,3
chern,1
orally,1
feedback,5
vary,1
gergan,2
owens,2
rankings,19
buckeyelink,1
statprep,2
viewsolve,1
wales,5
easier,1
schools,5
multidimensional,1
scholar,6
lillian,2
acms,1
crops,1
volcano,1
financial,23
series,27
commons,3
mdy,1
substantially,2
ribet,1
ring,2
trending,5
tianjin,2
semiconductor,1
combinatorial,4
encourage,4
ra,1
malagasy,2
foundation,11
lumbaart,1
hongbin,1
necessarily,1
faculties,3
estimate,1
alert,3
instruct,1
clarity,1
matemaatika,1
stochastics,2
basketball,1
service,13
engagement,1
stack,8
needed,13
springermathematics,1
master,7
listed,1
underlie,1
ranging,4
rewards,1
collapse,1
geneva,1
basler,1
pham,2
project,12
feeling,2
boston,2
spectrum,1
concordia,1
foundational,2
affairs,4
releases,6
responsible,1
recommended,3
object,1
wells,1
victoria,2
metrics,2
simplify,1
pnw,1
letter,4
organization,2
bradford,1
dummy,1
professor,65
camp,1
tech,2
derbyshire,1
came,1
advisory,1
meetings,17
advisors,1
nominated,1
sicilianu,2
gauge,1
participate,5
menu,18
theme,2
rich,2
rice,1
plate,1
klein,1
dansk,2
pejic,1
lester,2
matamataig,1
societies,2
textbooks,5
maciej,1
saud,1
release,3
fair,1
branding,1
result,2
best,16
wikipedia,35
postdocs,8
r,2
melissa,1
conceptual,1
occupational,6
alpes,1
extend,1
nature,4
extent,1
carbon,16
spartanmail,3
topology,31
country,3
conclusions,2
adventures,3
edgar,1
stuttgart,1
planned,3
normandy,1
logic,15
login,9
genus,1
asked,9
basque,1
taqbaylit,1
union,7
much,10
tutorials,1
ausarbeitung,1
life,16
amsut,1
worker,1
irvine,1
catchment,1
dave,2
cuny,1
chile,3
child,1
worked,4
evelina,1
chajnantor,2
commerce,2
organisers,1
heidelberg,1
luskin,2
appeals,1
remembering,1
characterize,1
trusted,1
numerische,1
memorial,7
memoriam,5
things,46
harmony,1
principals,1
matania,1
slaman,1
qualifications,1
workforce,2
mentors,2
academic,30
academia,1
quantitative,14
corporate,1
ucas,1
homogeneity,1
cumbria,1
birmingham,2
previous,4
han,3
phillips,4
woodstock,1
collections,3
beloved,2
prison,2
east,13
possible,2
possibly,1
unique,1
occurring,1
donghua,1
niels,1
steps,1
polytechnique,2
beneficial,1
right,3
old,4
ole,1
people,25
begin,3
consultants,1
isixhosa,1
dauphine,1
hulky,1
bottom,1
umd,2
continue,5
exposition,1
unipa,1
stefan,1
eduard,1
mathemateg,2
hadamard,1
manufacturing,2
dollars,1
citizens,1
solihull,1
etowah,1
arwu,1
statements,6
facility,1
seemangal,1
mba,2
novi,1
abstractions,1
combinatorics,13
support,39
tame,1
joseph,2
wordpress,1
physicists,5
resulted,1
bloomington,1
medallists,1
offer,4
leiden,1
notifications,1
melanie,1
shqip,1
congratulations,14
genealogy,1
medway,1
inside,1
polski,5
later,4
liberal,3
textbook,4
kha,1
floor,2
myucsc,1
geographically,2
role,6
chemnitz,1
developers,10
smell,2
saharon,1
models,13
emailmathematics,1
devon,1
variable,3
narayanan,1
typically,9
ottawa,1
time,19
push,1
conferred,1
breadth,2
darinka,1
chair,3
occupations,10
bicycles,1
centroid,1
choice,2
knapsack,1
fullest,1
catalonia,1
kraut,1
rights,3
skewed,1
team,19
inscribed,1
ealing,1
findings,2
sign,8
generalisations,1
telford,1
roof,1
mentored,10
jilin,1
abdullah,1
current,38
annalen,1
vanderbilt,1
understanding,8
address,10
along,5
financiers,1
brilliant,1
studied,5
commonly,3
accomplished,2
studies,26
durbin,2
tasks,3
love,4
allain,2
logical,1
overarching,1
carol,2
working,2
oldham,1
calgary,1
theoretical,13
duality,1
oregon,1
visual,3
appendix,1
cardinality,2
valued,1
premodels,1
originally,1
printing,1
values,1
following,5
webster,2
mathday,1
allowed,1
galbraith,1
bibliographical,1
divided,2
submillimeter,2
optimal,2
parameter,1
matamaitic,1
edinburgh,1
explores,1
applications,17
cardiac,3
revealed,1
natural,14
varieties,1
sectors,3
su,8
st,1
bernays,1
definitions,7
tutoring,7
manga,1
noteworthy,1
years,14
professors,2
hiring,1
experiments,2
derive,2
internationally,2
jim,1
xisaab,1
aviv,1
decades,1
confrey,1
recipients,9
smarter,4
indigenous,2
establishing,2
pleasemathematics,1
square,1
bizaad,1
breakthrough,6
interferometer,2
disasters,1
canvas,5
container,1
bls,6
contained,1
trauma,3
internet,2
suggesting,2
formula,3
ioan,1
sheffield,2
million,5
quite,2
homeomorphism,1
complicated,1
besides,1
superiore,2
training,8
programming,7
nayyar,1
symmetry,1
one,38
organismal,1
submit,17
spanish,1
open,40
city,9
setswana,1
structures,7
cite,7
williams,1
proving,3
specialists,3
representing,2
exhibitors,4
coats,1
future,13
individualized,1
sophia,1
illness,1
sao,2
san,5
sam,2
lissafi,2
turned,1
locations,7
sad,1
prestigious,6
say,1
buried,1
sas,3
saq,2
sat,4
note,4
take,13
opposite,1
independance,1
remarks,1
pages,22
lawn,1
average,5
ways,4
review,10
laws,3
madison,3
leibniz,1
merit,4
bright,1
inconsistent,1
going,1
carolina,4
assistant,10
outlet,1
laguna,1
prime,3
resource,3
artist,1
parasitic,2
ahmad,2
tenured,2
cheshire,1
vision,1
us,92
impressions,1
euclid,1
postdoc,3
purest,1
inequalities,5
sites,1
impa,1
bureau,5
jobs,20
mature,3
screen,1
marietta,2
awards,50
cedric,1
multivariable,3
many,23
deduction,2
workplace,2
concentrates,1
mann,3
handouts,1
xiangtan,1
pruv,1
twin,1
lagrange,1
combines,1
west,7
locally,1
avner,1
wants,1
stipends,1
shortlist,1
thousand,1
photos,2
infonet,1
weierstrass,1
former,2
shanty,1
matematicas,2
engineering,23
postgraduates,1
policies,13
spotlight,6
wroclaw,2
cominds,2
engaged,1
technology,62
expenditures,1
singapore,1
constraining,1
harris,1
wired,3
puzzling,1
coursework,1
costs,8
dimension,1
scholarship,8
summer,20
manifold,1
rosenbaum,1
rest,2
thakur,1
weekly,3
generator,2
color,2
aspects,3
around,3
investiture,1
sums,1
world,33
postal,1
bowdoin,1
automorphisms,2
integrals,11
clay,2
sandwell,1
conditional,1
supplementary,1
grup,1
niiler,1
bizarre,1
islington,1
scholarships,13
bonn,1
accessing,1
dresden,1
scientific,8
power,3
internship,1
leadership,8
ratios,3
origins,2
hopkins,6
industry,2
act,1
taras,1
stony,41
perturbed,1
limburgs,1
image,1
essex,1
parties,1
wade,1
bergen,1
impressive,1
myths,1
mindless,1
emacs,1
witt,1
lang,1
complete,5
warrington,1
matemat,1
october,12
marne,1
asst,1
patois,1
engine,1
ab,2
ad,1
johnny,1
ai,2
certain,2
ap,27
invertibility,1
au,1
laboratory,5
az,1
mathematic,1
lambeth,1
ideally,1
mathematik,11
graduate,120
congress,6
rhett,2
tonkonog,1
gifts,1
tricks,2
mass,2
adam,3
restricted,2
original,1
sci,2
consider,1
caused,1
trigonometric,4
oromoo,2
tours,1
welfare,1
reasoning,5
particles,1
tx,1
tv,3
matematiks,1
tu,1
midwest,1
ta,2
bracknell,1
wordcentral,1
baton,1
puzzles,1
uraltsev,1
interpreting,3
labor,9
large,4
kapodistrian,1
harry,1
small,7
sapienza,1
antibiotic,1
webmasters,1
past,24
investment,1
richard,5
accreditation,1
section,19
burgundy,1
subspaces,1
scientists,3
method,5
full,13
wuhan,1
november,3
introductory,1
compliance,1
experience,12
prior,1
pick,1
picardie,1
via,3
launchings,2
select,1
norfuk,1
archived,2
oxfordshire,1
petroleum,1
jakhu,1
automata,1
archives,7
goettingen,1
door,1
company,3
foundations,6
doom,1
science,97
grundlehren,1
morgan,2
learn,10
beautiful,6
impacts,1
scan,1
redbridge,1
neglected,1
arqade,1
ponts,1
sense,7
information,84
statisticians,2
earnings,2
suijlekom,1
plant,3
seoul,1
notre,1
mapping,3
entrepreneurship,3
plane,1
waves,1
evaluations,1
bleicher,3
eindhoven,1
leroy,1
register,2
broadcasting,3
fundamental,3
geographic,1
srpskohrvatski,1
clarifications,1
moussa,1
fraser,1
scots,2
scott,4
brin,1
gerald,2
isaac,3
followers,1
subpages,1
propose,2
comstock,1
kennesaw,5
maqrm,1
harrow,1
homomorphisms,1
purdue,3
always,1
courses,70
uploads,2
found,22
genoa,1
errata,1
darmstadt,1
england,4
osaka,1
numeric,3
neurology,1
measurement,9
centuries,1
galego,2
kensington,2
research,184
ilokano,1
plotting,1
jiangsu,1
polyhedra,1
imaging,2
definition,4
strasbourg,1
monografie,1
jpbm,2
w,2
major,22
number,66
introduction,19
arlington,1
litany,1
mischaikow,1
encyclopaedia,2
saint,1
jee,2
exponents,1
holomorphic,2
relationship,2
interviewed,1
immediate,1
grace,1
regensburg,1
radboud,2
observatory,13
critically,1
iranian,1
pennsylvania,2
determined,1
ningbo,1
augenstein,1
fiji,1
self,2
auditions,2
usajobs,1
internal,5
play,1
departmental,11
retired,1
blackboard,2
riyaziyyat,1
plan,1
galway,1
astromathematics,2
chicago,7
cover,1
bulletin,4
harbin,1
golf,1
haimo,2
session,10
occupation,9
impact,6
wayne,1
olivetti,1
factor,1
novial,1
quizzes,3
sigmaa,10
preparing,3
closely,2
mathematicsschool,1
obscure,1
river,3
hedrick,2
prospectus,3
crm,2
set,15
sep,15
see,26
myrowc,1
seo,1
led,3
institutes,6
vasseur,1
seminars,39
currently,2
avoidance,1
rita,1
available,16
hecke,1
respondents,1
prospects,1
last,5
kirwan,2
improves,1
pdf,7
pde,4
load,1
northeastern,1
community,17
coincidence,1
dimensional,3
consideration,1
publishing,2
monthly,7
maddaght,1
citations,5
dodecahedra,1
counselling,1
fund,3
cebuano,1
mla,1
exponential,4
freiberg,1
enrollment,5
budget,1
technical,11
optimization,9
formats,1
robin,2
kingdom,1
hospicare,1
calculator,1
xian,1
centennial,2
actuaries,1
mailing,4
barnet,1
read,52
journalsmathematics,1
survey,5
forgiveness,2
calendars,6
bexley,1
stacy,1
levels,1
nouns,2
caen,1
recent,15
normale,4
picks,1
surveys,2
suffolk,1
simi,1
readers,3
recipient,1
admission,8
hues,1
parents,6
location,2
sydney,3
relevance,1
input,1
submissions,7
putnam,12
australia,7
emergency,4
format,2
couple,3
instructors,8
quest,2
private,8
emergence,1
projects,13
formal,6
alexandru,2
communications,7
individuals,5
ivan,1
bucharest,2
methods,9
senate,3
spring,12
sponsorships,1
curious,2
vilnius,1
microbes,1
tools,15
measurements,1
religion,1
dating,5
temple,1
ba,1
bc,4
agreement,2
forming,2
employability,2
santa,5
bs,1
relating,3
blackburn,1
demystified,2
matern,1
melbourne,2
mamo,1
progressions,1
hesab,2
repair,1
computational,22
colorado,2
integral,4
appropriate,2
primarily,1
contributor,1
rafiqi,1
span,1
spam,1
spending,1
specifically,3
suit,1
opens,2
tragedies,1
linz,1
subgraph,2
militating,1
poster,8
link,6
pacific,1
line,1
posted,5
erich,1
ut,8
uw,5
differentiable,1
cis,1
paired,1
un,1
uk,5
marseille,1
ua,6
laplace,1
uc,2
defined,3
influence,1
chas,1
diverse,2
chat,1
covariation,1
granada,1
nanyang,1
coded,1
mathematisches,1
elements,2
provided,2
wokingham,1
bevoware,2
mathematischen,1
hackney,1
ago,111
algorithm,2
agh,1
lancashire,1
age,2
wunrow,5
gloucestershire,2
psychiatry,1
fresh,2
agr,1
essay,1
code,9
partial,6
illustrates,1
results,10
astronauts,2
existing,1
toggle,3
centers,5
inferences,1
seemed,1
biol,1
young,2
send,1
uniqueness,1
birla,17
resources,61
customer,3
isaiah,1
continued,1
minerals,1
categories,8
northwestern,1
magic,1
transmission,2
tre,1
fewer,1
try,5
pledge,1
natur,1
thonburi,1
recruitment,1
video,13
dynamics,5
graduating,2
index,5
anton,1
richmond,1
indian,6
nonlinearly,1
lee,1
panelists,1
lei,1
gathered,1
delivering,1
northeast,1
let,1
ubuntu,1
ghent,1
deduced,1
great,10
engage,2
receive,6
rehabilitation,1
resulting,1
derby,1
opinion,8
residents,2
makes,3
oulu,1
involves,1
jalal,1
montpellier,1
outcomes,2
sge,1
confidence,1
exciting,1
asymptotic,1
certificate,4
nagoya,1
next,14
doubt,1
gamba,1
haringey,1
alexei,3
balls,1
challenge,2
clients,1
publications,9
techniek,1
fulfill,1
process,7
pieces,2
high,25
beni,1
educational,3
delay,1
blocks,2
singular,3
epsrc,1
reggio,1
stopdepartment,1
ties,3
tiep,3
efficiently,1
tomato,1
stein,1
diffeomorphism,1
maclean,1
allow,1
houston,1
archimedes,1
producer,1
move,2
zentralblatt,1
redcar,1
decay,1
chosen,1
degrees,4
instruments,1
derivative,2
physicians,1
designs,1
parabola,1
rosser,1
outlined,1
merton,1
federico,2
outlines,2
presidential,1
usannals,1
betti,1
mathesis,1
peking,1
truth,2
accompanied,2
holtina,1
otago,1
weyl,1
bump,1
operator,4
meta,1
agriculture,3
shannon,1
matrix,5
rwth,1
etymology,5
burke,2
interactions,2
shelah,1
guizhou,1
sciencesmit,1
regulatory,1
monographs,4
shortest,4
could,6
put,1
david,5
davis,2
staggered,1
xayma,1
manuscript,4
onepurduewelcome,1
bjorn,2
fascinating,2
start,7
festival,2
detailing,1
system,21
interests,14
stars,4
megan,4
kompakt,1
colleagues,1
ingenious,4
partnership,6
whistleblower,2
viewed,1
competency,2
documents,3
governors,2
studying,4
adjunct,3
latina,2
korean,2
calculus,30
schedler,1
cushman,2
courtesy,2
enrolls,2
medal,2
placement,26
thanksgiving,1
face,2
mechanical,1
fact,3
ethnomathematics,2
bring,5
bicocca,1
manchester,2
rouge,1
rough,1
decade,1
principal,2
podcast,1
tapu,1
jan,2
entities,1
molecules,2
leaderboard,1
jackpot,1
insight,1
means,6
familiar,1
committees,8
h,2
undergrad,2
reid,1
ohio,5
temporarily,1
differentials,2
travis,2
lyon,4
wire,1
interacting,2
mongkuts,1
nuclear,3
luganda,1
fulbright,3
nominees,2
email,9
reinhardt,1
meromorphic,1
keynote,1
historians,1
observable,1
figured,1
cayley,1
invited,12
harvard,3
figures,2
bristol,2
ch,1
author,10
ca,3
mathworlddepartment,1
mohamad,1
ucb,1
ucl,3
undergraduate,87
equips,1
trajectory,1
louisiana,1
fudan,1
eduardo,1
graphics,3
atlanta,1
spain,1
laser,2
podcasts,3
middle,1
frameworks,1
eaton,1
rbg,2
intranet,3
discoveries,1
caltchul,1
aesthetics,3
concerted,1
site,11
archiv,1
descriptive,1
cohort,2
paulo,2
verne,1
yeungnam,1
astrochemistry,1
android,1
ball,1
columbia,5
mathematiki,1
upon,3
nationally,1
campinas,1
phd,31
proficiency,2
distinction,4
infinite,4
identity,1
indonesia,3
patterns,2
mathematische,2
biosciences,3
uwaduae,1
audio,4
newest,2
less,3
perugia,1
rooms,3
paul,9
web,8
generous,1
bibliography,1
residential,1
wei,1
tbaharvard,1
arrest,1
rtgs,3
enfield,1
increased,1
government,8
metaphysics,1
ntnu,1
increases,1
five,4
desk,2
emma,2
chairs,1
become,15
waltham,1
actuarial,16
sunderland,1
choosing,4
recognition,2
weblogs,2
salaries,1
passion,1
gergen,6
biology,18
schedule,23
selecting,1
imaginary,1
worldbuilding,1
sister,1
drumming,2
lifestyle,4
angeles,2
software,7
alliance,1
letters,4
commitment,3
assess,4
bruxelles,1
camden,1
justifying,1
salerno,1
isotropoic,1
unistats,1
function,11
overlapping,1
delivery,2
construction,3
amirkabir,1
convergence,9
count,1
baptist,1
tossed,1
places,1
society,14
smooth,2
howtos,2
excitement,1
books,15
distribution,2
trafford,1
lanzhou,1
int,1
recognize,1
kingston,1
graphical,1
barcelona,4
mmxvii,1
hillingdon,1
renowned,4
compared,1
variety,7
hps,1
trials,3
scholarly,2
lookup,4
details,2
jawa,1
monday,10
ladino,1
repeal,2
rule,1
status,2
syllabi,3
gilad,2
oldest,1
integrity,1
relationships,3
periodicals,6
voted,1
worth,2
geology,1
jacob,2
month,3
chapel,1
mehmood,1
progression,2
calnet,2
upload,7
incorporatedmathematics,1
maanumber,2
aeronautics,2
googleplus,2
deutsch,5
costya,2
rouen,1
rigorous,5
established,2
revolutionize,1
tohoku,1
aymar,2
tarski,2
officially,1
hypermath,1
simultaneously,1
conglomerate,1
underrepresented,4
placeholder,1
obtained,1
fourteen,1
waseda,1
rigorously,1
study,55
itunes,1
calculators,2
secure,3
graders,1
highly,3
glance,10
total,3
indians,2
lyme,1
indiana,2
fractions,1
award,37
aware,1
interaction,5
emeritus,14
kalaallisut,1
springer,7
word,4
londonmathematics,1
work,35
theories,6
nengo,1
india,1
validated,1
seattle,4
provide,12
far,1
interview,6
ordinary,2
transforming,1
earlier,3
hong,6
lab,7
midlands,2
law,2
meaningful,1
elusive,1
schneider,2
appreciate,1
greek,4
order,16
office,23
devote,2
gaelg,1
pascal,1
frequency,1
innovative,6
japan,2
satisfies,1
endowments,2
highlights,2
recreational,5
eventually,1
pego,1
randomness,1
break,2
hispanics,1
gregorin,1
matematyczne,1
backgrounds,1
l,2
alexis,1
feeds,1
astrophyics,1
nigerian,3
hosted,3
network,7
fellows,4
fellowship,10
daniel,2
medicine,9
judith,2
standard,2
appointments,1
muller,1
created,1
renew,1
magdeburg,1
wolverhampton,1
daunting,1
ayisyen,2
grundstudium,1
another,7
mickiewicz,1
electronic,2
escalation,1
timothy,1
laufer,1
approximately,2
rates,5
observations,2
john,15
albert,1
persson,1
bmail,1
toronto,1
postsecondary,1
forensic,1
azita,1
tackles,1
kth,1
historical,2
tackled,1
solely,1
borcherds,1
contents,9
strength,3
kalra,2
convenient,1
indexes,3
subjects,8
indexed,1
reals,1
circles,2
bruce,3
hammond,1
extending,1
involving,1
culminates,1
alumni,26
sun,4
notion,1
sul,1
lewis,1
infrared,2
foraging,1
guidance,2
version,5
summarizing,1
pursuing,2
explorations,1
cryptography,7
di,1
uncountable,1
de,9
preferred,2
da,1
policymakers,1
du,3
dr,1
kyungpook,1
covering,3
runa,1
anza,1
analytical,4
steam,1
secretary,2
riemannian,3
rudin,1
analytics,2
projections,6
discussions,2
techniques,12
away,1
symmetric,1
cooperation,3
drawn,1
encounters,1
terms,32
wa,2
wi,1
wu,2
huang,1
packages,1
kitchen,1
received,12
climate,2
cow,1
ill,1
receives,8
requests,4
glickenstein,2
tong,2
knowsley,1
polynomial,2
speak,2
kingsville,1
molteni,4
flexible,1
recommendedmathematics,1
abuja,1
superieure,2
duties,3
families,3
concerning,1
catering,2
fest,1
applied,41
waltershausen,1
aix,1
launches,1
wilfrid,1
gnd,1
aid,2
property,1
cone,1
hebrew,2
wissenschaften,1
confirmed,1
perform,1
convictions,1
independent,2
rail,1
norwegian,1
hans,2
nis,1
nit,2
benedek,1
contact,81
centres,4
ihrer,1
unified,2
photo,10
newton,3
thanks,2
macquarie,1
electronically,1
adding,1
cornell,8
similarities,1
fared,1
spread,3
transformed,1
board,12
openings,8
rna,1
fusion,1
fulham,1
cape,1
grenoble,2
cooley,1
nouormand,1
springeralerts,1
security,6
dualities,1
honored,1
korea,3
born,2
sipnayan,1
chrestensen,1
congratulate,2
hodge,1
comments,1
asking,2
lahore,1
participation,1
columbus,1
graduates,8
binomial,2
graduated,2
rotherham,1
properties,7
trophy,2
diperna,1
newspapers,1
anime,1
jacques,1
pays,1
profession,1
bound,1
laval,1
theorists,2
halton,1
fight,1
conservation,1
way,14
editions,1
war,1
lowest,1
wikiquote,2
marris,1
becoming,2
mysterious,1
true,2
injury,1
banjar,1
emil,1
braves,1
maximum,2
plymouth,1
optimisation,1
promises,1
moore,2
inclusive,3
abstract,13
disease,2
expertise,1
distributions,4
archive,20
physical,14
reality,2
interested,3
huazhong,2
test,12
polito,1
welcome,11
outreach,12
concurrent,1
scores,1
merten,2
interval,1
modules,3
together,6
beds,2
concept,5
global,9
brownian,1
supplement,1
devoted,1
revitalisation,1
graph,9
donned,1
southwest,3
brown,2
charles,2
alumnae,2
falconer,2
anonymous,1
entries,1
trouble,1
presented,5
irreducible,1
guo,1
wakefield,1
discrete,11
woven,1
upper,2
discover,1
affiliation,1
cost,5
assistance,1
shares,1
uniform,3
appeal,1
supporting,1
igbo,1
genes,2
teaches,1
teacher,2
change,14
incoming,2
trial,3
franklin,2
poisson,3
usually,3
montreal,2
inference,1
marked,4
italiano,5
market,2
prove,6
bury,1
live,2
slough,1
selects,1
entrance,3
club,12
cluck,2
logarithm,1
organizations,4
instructional,6
graphic,1
ibl,2
car,1
hope,4
cam,1
keynes,1
dmitry,1
social,18
powerball,1
jacqueline,1
december,2
topic,5
heard,1
discussion,2
yodeya,1
lounge,1
checklists,1
dominance,1
economy,2
product,2
southern,2
remember,2
irwin,1
wrekin,1
masterclasses,2
michel,1
typical,6
serving,1
correlation,1
utilize,1
brain,5
colm,2
statistical,8
still,2
symonds,1
arduino,1
forms,14
bursaries,1
factual,1
non,2
introduce,1
half,7
nov,1
hall,6
unauthorized,1
january,3
drop,1
denmark,1
en,1
challenged,1
cairo,1
americorps,1
snapshots,1
challenges,4
jena,1
year,27
eu,3
et,1
happen,2
opened,2
space,24
sunda,1
increase,1
rational,7
shows,2
rlm,2
defenses,2
cart,1
diagnostic,3
carl,4
axioms,2
card,4
care,9
milestones,1
british,1
invitation,1
toulouse,3
stevens,13
variables,2
comprises,2
message,1
valko,1
categorical,1
friend,1
nutrition,1
pittsburgh,1
appreciates,1
cornwall,1
mathworld,1
heretical,1
edition,7
browser,3
portsmouth,1
investors,1
remained,1
premier,2
otodo,1
atilim,1
windsor,1
velhinho,1
offering,1
equipment,2
online,16
bernd,1
santiago,2
cordoba,1
price,6
algebraic,35
america,4
engquist,2
arinkin,1
professional,11
ferrara,1
leicester,1
basmajian,1
resurrecting,1
peano,1
jozef,1
fifth,3
geography,1
careeronestop,1
title,6
developed,7
samuel,1
cymraeg,2
cannot,2
progress,5
manuscripts,2
ramanujan,3
seldom,1
havering,1
reprints,1
privacy,20
quickie,1
kiely,1
elected,1
actively,1
devices,1
sport,4
nonstandard,1
suspects,1
morales,1
readersmathematics,1
notice,1
analyzed,1
article,35
pixels,1
benue,1
tutors,4
bodega,2
staffordshire,1
vergata,1
lirr,1
comes,2
uwadiae,4
overview,78
dispatch,1
learning,27
proved,2
oliver,1
informed,1
tropical,3
collocation,1
stemm,1
aero,1
stephen,2
external,14
iknife,1
developing,5
trick,2
maryam,5
editorial,2
reichelderfer,1
orientation,1
soil,1
metric,8
bias,2
kenya,1
develop,15
media,13
inquiry,2
lite,1
document,4
finish,1
samulnori,2
investigates,1
favorites,2
tradition,4
coordinate,1
laboratories,1
valuable,1
accumulate,1
speed,2
legitimately,1
thinking,8
improvement,2
treatment,2
republic,1
real,9
psb,1
amc,19
digital,4
earle,1
early,7
using,10
ams,21
rebecca,2
tsamopoulos,1
annually,3
benefit,2
multiplicative,1
twelve,1
yachay,1
dinesh,1
duration,3
questionnaire,1
regina,1
unlocked,1
forks,1
quacquarelli,1
business,26
equivalent,1
tuition,3
credits,4
sixty,1
francis,2
artin,1
comparison,2
central,6
ethereum,1
greatly,1
outlook,7
brezhoneg,2
inclusion,1
involvement,1
elementary,6
nowadays,1
log,11
prepare,5
area,15
cath,1
qualifying,4
los,2
low,3
lot,2
valencia,2
somerset,3
dagenham,1
allendoerfer,2
coady,1
dolciani,2
audioslides,1
trying,1
proposal,4
stanford,4
stationucla,1
describe,1
sales,2
salem,1
milicia,2
masaryk,1
administered,1
mathematica,8
storage,1
caltech,5
mathematics,482
karlsruhe,1
complutense,1
nederlands,5
massachusetts,4
coverage,1
queensland,1
mathjobs,4
building,13
overseas,3
bolton,1
robert,4
mathtable,1
thoughtful,1
tectonics,1
loll,1
auckland,1
equivalence,1
sosoe,1
confidential,1
divisions,1
sasha,1
vera,2
rogue,1
decide,1
eduroam,1
feliks,1
louis,1
cookies,4
instagram,4
dissertation,7
consumers,1
bernhard,1
fractional,1
deborah,2
multinational,1
edited,5
iran,1
answers,6
strong,6
invitational,4
ahead,1
disclaimers,5
inspired,3
reason,1
amount,8
advertising,2
permutation,1
inspires,1
family,3
requiring,1
maths,9
lagos,1
analyzing,1
muslim,1
khan,3
probabilities,1
contains,4
almost,2
taken,3
brunswick,1
authorization,3
instrumental,1
nebraska,1
history,51
kasper,1
magento,1
inspector,1
ledger,1
wikiversity,1
communicating,1
derived,5
yunnan,2
tetun,1
fg,2
mediterranea,1
documentation,3
crafty,2
help,52
held,7
committee,8
committed,1
kinetic,4
nottinghamshire,1
picard,1
solving,8
systems,28
pavia,1
motivated,1
topmba,1
demographics,2
tsinghua,1
curtin,1
yu,1
hammersmith,1
yitp,1
fully,1
fairs,1
radial,1
gennady,1
quantum,9
beyond,3
event,12
juniors,2
mysu,3
since,5
publish,4
safety,1
jagiellonian,1
issue,6
pythagoras,1
housed,1
timeline,3
labs,1
matymatyka,1
base,10
basa,3
aziz,1
earliest,3
inha,1
launch,1
drupal,1
voor,2
american,14
universidad,2
syria,1
interviews,4
partnerships,1
knots,1
fischer,1
probability,32
lejeune,1
deanna,1
wonderful,1
expand,13
nigeria,2
hundred,2
bowen,1
authors,4
translation,2
scheme,1
collaborations,1
grey,1
toward,1
procedural,1
charlotte,1
alongside,2
concentration,1
karl,3
lie,9
milner,1
cherokee,5
lin,2
scotland,2
officers,1
liu,1
experienced,2
kak,1
experiences,2
aires,1
alpha,3
spartans,1
salary,1
mobile,16
performances,1
clear,2
treasures,4
electrons,1
brookhaven,1
physics,60
surrey,2
celebrities,1
registers,1
barking,1
copyright,10
mathematiek,1
moments,3
circle,7
darwin,2
mersenne,1
famous,1
chimney,1
alexander,1
xiamen,1
sturmfels,1
underlying,1
recommendations,3
x,17
instruction,2
maurice,1
prague,1
culture,6
descriptions,6
close,9
pisa,2
woo,1
mcmaster,1
assistants,12
conditions,6
intending,3
ranked,3
mentoring,5
qaraqalpaqsha,1
league,2
collaborators,2
secrets,1
experimental,1
battery,2
linux,1
swindon,1
lecturers,10
described,1
abdulaziz,1
maintenance,1
empty,1
dame,1
surjective,1
jesuit,2
lived,1
needell,1
lives,1
squirrelmail,2
look,3
iyi,1
smart,1
transcripts,1
mitchell,2
guide,13
vectors,2
retesting,1
curtis,1
grant,14
conflict,4
indianapolis,1
uses,3
user,2
database,2
ontology,1
cruz,2
gsi,2
gso,1
craiova,1
reviewed,1
ipa,1
taiwan,1
cankaya,1
guaranteed,1
transformation,1
march,6
finalize,2
evaluate,1
capacities,2
game,10
wings,1
success,10
submission,5
moira,1
envisioned,1
signal,3
popular,1
experimentalists,1
terminology,1
mathematical,202
neumann,2
mathematicae,1
creation,1
pierre,2
trends,3
economic,4
delivered,2
competitions,14
sophomores,2
minimal,1
gmat,2
stem,4
step,9
taboo,1
raspberry,1
abroad,8
integers,1
simulation,3
ido,2
classics,2
block,1
seeing,2
matematikki,1
within,8
slovak,1
pareschi,1
statistics,42
institut,1
renewal,4
measured,1
visas,1
soared,1
registered,2
specialty,2
monnet,1
reeb,1
info,10
skull,2
vacancies,4
kuhn,1
similar,9
halmos,4
accessibility,4
peterborough,1
application,11
electrical,4
department,106
manhattan,1
arithmetic,12
draw,1
calculating,2
livvinkarjala,1
kansas,1
william,3
gower,1
structure,14
correlated,1
e,6
required,5
resolving,2
nynorsk,1
rtg,3
leitzel,2
gc,4
go,5
archiveuc,1
gh,1
compact,1
suits,2
suite,1
relocated,1
unabridged,1
fond,1
quora,2
wave,1
zhejiang,2
mathematicscollege,1
matrices,3
positions,14
button,1
michael,5
bournemouth,1
barbara,1
leicestershire,1
carter,1
jump,1
download,6
click,6
plays,3
aperiodic,1
referees,4
collins,1
nicholas,1
focuses,1
brunel,1
radicals,1
focused,1
enterprising,1
northern,2
products,5
addresses,2
clark,2
collaborating,1
boolean,4
nijmegen,1
announced,3
strapped,1
remains,2
hudson,1
vehicle,2
exhaustive,1
simpler,1
historically,1
symposia,1
assessable,1
kellerhals,1
popper,1
meet,5
control,3
beijing,3
links,54
gunji,1
georg,1
lorand,1
located,4
frontiers,3
ferdinand,1
conquers,1
wiltshire,1
shropshire,1
claire,1
encyclopedia,5
healthcare,1
quotations,2
unsolved,1
including,13
temporal,1
brook,41
zagreb,1
factorial,1
front,3
perpignan,1
literacy,3
masters,4
university,558
poole,1
registrations,2
universita,1
mode,1
universite,4
rennes,1
seniors,1
matematiikka,1
globe,1
ergebnisse,1
sands,1
measure,7
transitions,1
special,26
paristech,1
entertainment,2
critics,2
achievements,2
marek,1
galaxies,1
diagonal,1
ancestry,1
advisor,2
geometry,61
determining,1
ask,5
times,1
austin,3
prospective,9
yong,3
evans,5
possessing,1
powerful,3
improving,1
dumu,2
bohannan,1
quality,1
management,5
hyperbolic,6
data,67
relations,2
attack,1
pavel,1
ionut,1
final,8
townsend,1
exactly,3
lists,16
chemicals,2
rss,8
photograph,2
automorphic,2
suomi,3
submitted,6
smeets,2
providing,7
distinguished,17
dalian,1
citescore,2
portrait,2
need,16
mathscinet,5
jiaotong,1
mappings,3
able,3
khayyam,1
skeptics,1
medals,1
lecturer,7
lectures,37
awm,2
rigor,3
gallery,28
haifa,1
ura,1
proceedings,2
databases,2
bordeaux,1
emerging,2
underpins,1
rychlik,1
nowak,1
partners,8
untimely,1
based,11
scuola,2
earned,8
winner,3
basel,1
employer,1
brighter,1
bases,2
libre,1
michigan,5
fragmentation,1
joint,7
tba,1
compute,1
kong,6
procedures,9
endless,1
evolution,4
course,65
numerous,3
expansions,1
grad,5
burying,1
humans,1
springerbriefs,1
oldenburg,1
southwark,1
stats,2
homewood,1
myspringer,1
written,7
bedfordshire,1
neither,1
setbacks,1
comparable,1
key,11
police,1
problem,15
career,23
informational,1
minds,1
estimation,1
jersey,3
leipzig,1
harmonic,3
addition,1
inertia,1
yan,1
username,1
contribute,2
controlled,1
matematiche,1
hamburg,1
negev,1
novel,2
license,1
glossary,16
viscardi,1
comets,1
simons,14
resident,1
coating,1
surface,2
examined,1
euskara,2
generic,1
began,3
janeiro,1
parts,1
underground,1
transformative,1
ordinal,1
gaeilge,1
frequently,7
nation,5
plural,1
reflection,2
tessellation,1
modeled,1
well,10
spherical,1
enormously,1
increasingly,2
accurate,2
sources,5
skill,2
lauren,1
mansoura,1
grappling,1
logged,5
patricia,2
ljubljana,1
riverside,1
versailles,1
definitive,1
utah,2
lockouts,1
munich,2
tyneside,2
intersection,2
bosanski,2
prominent,1
loss,1
lincoln,2
necessary,1
lost,2
sizes,2
dictionaries,1
martin,3
ravi,1
page,36
twitter,10
library,19
connectives,1
cleveland,1
home,54
proofs,4
morrey,3
scales,1
broad,3
delaware,1
allegory,2
demonstrated,1
limitations,1
journal,19
cagliari,1
freedom,2
recognized,4
scopus,1
socceroos,1
recognizes,7
equally,1
glenn,1
previously,2
washington,4
terence,1
utility,1
macroeconomics,4
northamptonshire,1
additional,14
museum,11
daniels,1
imperial,30
inner,1
notices,4
daniela,1
north,15
hr,2
hs,6
triangular,1
hu,3
administrators,2
gain,1
cmsa,1
overflow,4
highest,3
hosting,1
carriage,4
limit,1
walter,3
display,2
hausa,1
mechanics,2
marketplace,1
vleck,2
reservations,3
universal,3
dialogue,3
nankai,1
education,41
eric,2
diego,1
functions,25
contest,2
fencing,1
westminster,1
compete,3
gonzalez,1
haseo,1
stay,3
friends,3
bch,1
fertilize,1
blogs,3
portion,1
klass,1
diagnosis,1
frankfurt,1
commencement,2
commercialisation,1
plenary,2
sichuan,1
sawangtong,1
colloqium,1
myuw,2
whose,1
calculate,2
aug,4
swan,2
presents,1
teaching,41
updated,1
connects,1
gbame,1
updates,2
namespaces,5
govern,2
convexity,1
calcentral,1
waldo,1
skills,16
companies,5
solution,3
vector,9
aachen,1
farmhouse,1
force,1
japanese,1
likely,1
even,4
matchett,1
preferences,3
asif,1
lights,1
cheng,1
new,58
eves,1
med,1
henrik,1
met,1
active,3
interpret,1
contraction,2
rests,1
richter,1
economics,7
credit,10
omar,1
welding,1
jami,1
bayes,1
digitally,1
campaign,2
mobility,1
county,2
counts,2
tertiary,1
calm,1
recommend,1
type,4
tell,1
matlab,1
posting,1
berlin,3
ward,1
hounslow,1
room,12
tepper,2
mcgarey,1
civilisations,1
movies,1
tagalog,3
root,1
newfoundland,1
give,17
stressing,1
involve,1
foods,1
cartan,1
magnitudes,1
advancing,1
aging,3
brandeis,1
sharepoint,1
faults,1
amazing,1
answer,2
polytopes,2
minority,4
wxml,1
president,1
purchase,1
lifesaving,1
third,2
recyling,2
maintain,1
bahasa,6
operate,1
operations,19
helens,1
deck,1
anhui,1
givingmathematics,1
personal,8
better,4
schmidt,3
maximal,1
donors,2
asturianu,1
academics,7
singularity,1
dodziuk,1
grammar,3
mdpi,4
postnikov,1
opec,1
baylor,1
mcfarland,1
discipline,1
went,2
side,1
bone,1
mean,8
enthusiasts,1
principles,4
milan,3
taught,4
aids,1
winaray,2
regts,1
merchants,1
kiev,1
uppsala,1
quantify,2
content,7
ioannina,1
zassenhaus,1
linear,19
dodder,3
centerdepartment,1
stewart,1
eileen,1
features,3
economists,1
grade,5
canberra,2
featured,14
astronautics,1
grads,1
dedekind,1
twisted,2
zeros,2
alfred,1
helen,1
distance,2
congratulatory,1
anxiety,1
keyword,1
princeton,1
preparation,3
matter,6
silly,1
mitigating,1
enables,1
modern,6
seen,1
mins,55
seek,1
yupay,1
homological,1
kaohsiung,1
davidson,1
tofigh,1
continuous,2
regular,8
marie,2
maria,1
assisting,2
dol,1
medical,8
dog,1
points,7
principle,2
wiskunde,5
consumer,3
dot,2
visitor,6
precalculus,2
katerina,2
judges,1
bourbaki,1
explain,4
menger,2
lekkalu,1
tiles,1
stop,4
tiled,1
saturn,1
carmichael,1
chronological,2
bar,1
fields,20
bay,2
bad,1
reference,8
testing,3
septembermathematics,1
subject,16
brazil,2
said,13
frysk,1
inappropriate,1
disprove,1
collectionstudy,1
covolume,1
laureates,1
modeling,16
azad,2
suggested,1
uncertainty,1
und,2
ernst,1
contribution,3
xitsonga,1
exemplary,1
hackerrank,1
homoclinic,1
sanghkya,1
initiative,2
path,4
recognises,1
basis,1
three,9
particulars,1
interest,9
basic,8
basin,1
algebras,2
website,3
deeper,2
quantities,2
kudos,1
manifolds,2
securedrop,1
suppose,1
finder,1
anchor,1
ix,2
seven,1
changed,1
hunan,1
mexico,1
iq,2
ii,2
il,1
comenius,1
ia,2
ib,1
cockatoos,1
specialization,1
make,24
unfortunate,1
entitled,1
cmaci,1
meets,1
kis,7
declaring,1
kit,1
renaissance,1
kim,1
potentials,1
opportunity,8
programs,47
spacetime,1
initiativemathematics,1
materials,3
qualities,1
roma,2
left,1
mathacrosscampus,1
identify,2
transforms,2
human,5
facts,5
yet,3
nudge,1
infinitely,1
royal,2
jules,1
friedrich,1
cantor,1
save,1
gustav,2
tusnakt,1
background,4
dreams,1
palermo,1
manual,6
arrivals,1
zombies,1
pohang,3
nnamdi,1
dean,1
deal,1
dead,1
intern,1
viewdepartment,1
grading,2
verona,1
subscriptions,1
super,1
magazine,18
simuw,1
correspondents,1
jens,1
cardiff,1
amsterdam,1
tetrahedral,1
banyumasan,1
tennis,1
editor,8
shyam,1
multiscale,1
form,30
sagan,1
failure,2
fahd,1
bern,1
herefordshire,1
tucson,1
strengthening,2
shin,1
covers,1
adelaide,3
alerts,1
capstone,1
dies,1
journey,1
authorities,1
stoke,1
weekend,1
billion,3
daily,2
nedersaksies,1
pangasinan,1
revoke,1
themed,2
skip,2
walking,1
mile,1
primes,3
retention,3
praises,1
technique,1
editors,2
finally,1
petersburg,1
elliptic,1
versiondepartment,1
keck,8
string,6
pisin,1
innovation,2
proposals,11
item,4
excellence,5
unexpected,1
extenuating,1
sequoyah,1
bacterial,1
majors,28
annals,2
international,40
filled,4
processing,5
transportation,4
guardian,4
henry,4
french,3
warwickshire,1
box,1
institute,67
muenster,1
bob,1
useful,5
flexibility,2
licensing,1
propositional,1
hotels,1
ariel,3
weizmann,1
visit,12
insider,1
olympiad,2
acceptable,1
curriculum,7
effort,2
tokyo,3
avoiding,2
reviews,9
ulm,1
making,5
arrive,1
hiroshima,1
brescia,1
classrooms,1
kenneth,1
uruguay,1
predict,1
honner,1
sample,4
council,4
arbor,1
oslo,1
chemical,4
sunday,2
genetics,1
pure,24
map,9
designer,1
mat,1
may,39
max,10
maa,124
sustainability,1
membership,15
designed,6
croydon,1
journals,17
grow,3
man,1
viewmath,1
hannover,1
noun,4
omen,1
q,2
cascade,1
switch,7
jail,2
african,4
hassan,1
talk,17
serge,1
milnor,4
eotvos,1
argues,1
argued,1
peterson,1
irene,3
observational,2
group,25
encompasses,1
yorkshire,3
listing,6
policy,28
mail,3
main,17
texas,6
finance,15
views,5
killed,1
developments,5
leds,1
workload,1
cognition,1
directories,5
settings,1
proteins,1
zurich,2
mayeli,1
summary,5
elizabeth,1
canada,1
living,4
jackson,1
imperative,1
emerged,1
tidbits,2
monster,2
mechanisms,1
laa,1
california,7
yuri,1
advance,4
language,17
listings,3
devaney,1
thing,1
registrar,2
think,4
first,25
centrale,1
rachel,1
americans,1
fast,1
specificity,1
carry,1
bayreuth,1
rome,1
fiery,1
mining,2
eponymous,1
moscow,2
marrakech,1
coefficients,1
tecnica,1
stockport,1
topics,82
maribor,1
surgery,3
kevin,10
warsaw,1
speakers,4
date,2
efficient,1
endangered,1
potential,5
nordfriisk,1
performance,3
personalized,2
formulas,1
norman,2
trace,1
normal,19
track,10
friedman,1
enter,3
paid,1
formulae,1
complaints,3
queens,1
sutton,5
radioactive,1
especially,2
surprising,1
diversity,6
succesvol,1
ceredigion,1
infomathematics,1
shop,4
rating,2
shor,1
shot,1
show,5
hartlepool,1
corner,4
vosswinkel,1
analytic,3
black,2
legals,1
awareness,4
ranking,7
get,12
employers,1
nearly,2
conjunction,1
secondary,12
median,11
yield,1
morning,2
wiki,2
honesty,1
ricci,1
fellowships,7
minicourses,2
lausanne,1
sean,1
calendar,34
forecast,1
behind,1
polymath,2
geometric,16
reading,18
across,9
infrastructure,1
august,21
ji,2
fluctuations,1
tue,1
dates,10
chelsea,1
according,3
tour,8
dated,1
holders,1
among,11
venues,1
innovations,1
maintained,2
grants,9
considering,2
arts,14
capable,1
ims,2
mark,2
workshop,3
mary,2
shopping,1
transdisciplinary,2
offered,3
formmathematical,1
catania,1
sound,1
processes,5
profiles,4
associates,7
conferences,20
characteristics,2
finsler,1
strain,1
hijab,1
movements,1
different,17
doctor,1
pay,9
dantzig,2
speech,1
bareis,1
kyushu,1
jeffrey,1
oil,1
assist,1
vosa,1
totally,1
miasnikov,1
berkshire,1
largely,1
identifiers,1
roughly,1
solve,25
gates,1
mathematicks,1
money,1
imprint,1
comsats,1
doctoral,10
tourism,1
perth,2
nav,2
extensive,1
pitman,1
careers,25
pappas,1
mon,3
adams,1
identifying,2
unsourced,3
ayyad,1
server,4
either,3
robbert,1
interdisciplinarity,1
slavery,1
wigan,1
images,2
organizing,1
matching,1
isizulu,1
gross,1
ellis,1
loginmathematics,1
gyeongsang,1
critical,2
expressing,1
seconds,1
kyoto,1
binghamton,1
manufacturer,1
conducting,1
island,2
violence,1
develops,2
practical,5
carlos,1
road,1
barnsley,1
ucla,5
references,9
inbox,3
einstein,4
jerusalem,1
darwen,1
wildfire,1
deadlines,8
ostp,2
calabria,2
corsu,2
nrich,1
strikes,1
sophisticated,2
bookstore,1
vaucluse,1
organize,3
videos,6
youtube,6
citation,4
deep,1
fellow,7
examine,1
enable,1
file,8
syrian,1
universidade,1
film,3
fill,1
grassmann,1
personnel,1
hybrid,1
field,7
cleanup,2
astronaut,1
effie,1
students,154
vertex,2
important,22
tackle,1
u,4
resolution,1
colleges,13
founded,2
sergey,1
talks,7
expressions,6
children,1
numeracy,1
momath,4
pseudomathematics,2
alberta,1
huddersfield,1
premium,1
returning,1
translations,2
fall,12
winning,2
difference,2
syracuse,1
grubb,2
norfolk,1
applicable,2
jiangnan,1
biological,7
chipot,1
zero,12
quebec,1
abc,4
public,19
movement,1
klee,2
component,2
beacon,1
cylindrical,1
free,11
search,41
tortoise,1
published,2
quotient,1
salento,1
tameside,1
distinct,3
destination,2
two,21
governance,4
comparing,1
endowed,2
achieving,1
leonard,1
admissions,19
particular,7
projective,2
town,2
none,3
salesforce,1
hour,28
cluster,1
der,4
des,2
specialized,1
timoshenko,1
compare,4
panumart,1
galleries,2
share,5
sphere,1
minimum,3
numbers,21
calderdale,1
csm,1
needs,5
cse,5
maps,7
wiscmail,1
acta,1
duesseldorf,1
barlaz,1
advice,10
sefton,1
padua,1
blood,1
coming,2
waec,4
coat,1
localisations,1
meat,2
secs,2
facebook,15
infant,2
radar,1
industrial,5
existence,1
schoen,1
icosahedral,1
late,3
semesters,1
cnmn,1
good,6
hilldale,1
coimbra,1
oxford,5
association,4
porto,1
robbie,1
eponyms,1
rutland,1
repeating,1
vakaviti,1
donatemathematics,1
volberg,1
delicious,1
house,5
energy,6
hard,1
idea,1
engaging,1
connect,6
insurance,3
initiatives,4
sabatier,1
funding,11
sranantongo,1
projected,11
participants,1
rtsis,1
longtime,1
sloan,2
learners,2
evaluation,2
sbu,3
difficulty,1
members,20
dorset,1
benefits,8
needing,2
enforce,1
edges,1
freiburg,1
sigmaas,4
chalkdust,1
embraces,1
nach,1
done,2
dong,2
cadi,1
wages,4
construct,1
statement,11
filbet,1
ryul,2
bodleian,3
park,2
part,7
doctors,1
believe,1
b,2
horizons,4
recording,2
strathclyde,1
interactive,1
topmathematics,2
wikidata,4
multivalued,1
cantabria,1
paths,1
depending,1
honors,24
majority,1
mcneal,2
build,4
moropo,1
programmers,1
chart,2
significant,5
services,19
southampton,3
ki,1
ku,1
weigh,1
taillefumier,1
aveiro,1
joining,2
thomas,6
particularly,4
bromley,1
relation,4
headlines,1
find,30
giant,1
ruin,1
affiliations,1
override,3
viewupdate,1
boulder,1
permission,3
lattices,2
buckinghamshire,1
common,11
restaurants,1
individual,8
lisbon,1
theoretic,1
pakawut,2
expert,2
visiting,33
please,13
goldwater,3
smallest,2
donate,6
interfaces,1
aircraft,1
restaurant,1
annual,21
foreign,1
point,2
simple,8
tennessee,1
zeta,1
throughout,4
perspectives,1
instrument,3
meteorologists,1
laplacian,1
ireland,2
meeting,7
honorary,1
gas,2
understand,12
prices,4
pierce,1
coventry,1
bill,1
deferred,1
bochum,1
fun,2
gateshead,1
century,9
sardu,1
monroe,2
galapagos,1
newham,1
ruth,1
development,19
humber,1
rules,3
spent,2
swiss,2
entry,6
chemistry,11
josefa,1
spend,1
shape,2
atomic,1
alternative,2
injuries,2
wage,10
asachi,1
deputy,2
source,5
administrative,3
excited,1
tibor,1
microcomputers,1
big,2
matters,3
cognitive,1
homeomorphisms,1
google,1
often,3
absolutely,2
back,13
strongest,1
examples,8
mirror,1
versionglobal,1
brent,1
wollongong,1
contacts,8
affects,1
decision,3
integration,2
per,2
turkana,1
connecting,1
ped,1
ebook,3
remembered,1
continuing,2
hilbert,2
constraint,1
graduation,8
britannica,3
gehalten,1
nsf,4
steven,3
proportional,3
pronunciation,3
borel,1
handbook,9
dissertations,3
invite,1
immigration,1
gauss,2
hoped,1
directed,2
gottfried,1
biperron,1
autonomous,3
units,3
constant,1
congruence,2
provost,1
organizational,1
tiling,1
ansel,1
tuebingen,1
started,2
reputation,2
ellen,1
explaining,1
jaures,1
transliterations,4
polynomials,1
prepared,1
restoration,1
cater,1
prepares,2
fisher,1
implies,1
riyaziyat,1
delft,1
enrichment,1
minors,4
shopquantity,1
lucasian,1
schoenfeld,1
carious,1
webwork,3
shevchenko,1
lille,1
intensive,1
atlas,1
maryland,1
random,12
proctor,1
automotive,1
implicitly,1
recreation,1
joel,2
lorenzo,1
linkoping,1
educators,6
demonstrations,1
supervisions,2
copenhagen,1
depression,2
campuses,1
giving,20
viewmathematics,1
practices,2
access,34
schauder,1
body,1
exchange,9
lovejoy,1
bachelor,3
objects,5
others,6
hobart,2
sine,1
implicit,2
widening,1
talent,1
biographies,2
accordingcto,1
honor,3
named,64
presidents,2
nanjing,4
resolutions,1
gateway,1
loginstony,1
nobel,1
debbie,1
reciprocity,1
iit,2
upcoming,18
ecole,5
diophantine,1
train,3
prizes,9
hintz,1
dentistry,1
iii,2
subscription,1
account,9
f,45
gabriel,1
northumberland,1
disabilities,1
niwitpong,1
reserved,1
xiaojun,1
varied,1
democracy,1
noises,1
compostela,1
hampshire,1
rasor,1
winners,3
forest,2
cwur,1
profile,2
insa,2
philosophy,10
collection,5
bind,1
chief,2
solow,2
institutional,2
hiroshi,3
oral,2
symbols,2
banach,1
agricultural,1
industries,5
la,4
relativity,3
li,2
kindergarten,2
willing,1
criminal,1
serre,1
greater,6
descendants,2
day,14
applicants,7
biomol,1
identified,1
constraints,2
belgrade,1
burdened,1
programmes,1
yonsei,1
matt,1
messenger,1
lecture,29
ref,1
math,239
workflow,1
lizzie,1
knobloch,1
qua,1
approaches,1
toernooi,1
likelihood,1
beckenbach,2
dirichlet,2
recipes,1
allied,1
qualification,1
retail,2
south,15
plastics,1
tributes,1
reached,1
ancient,11
bologna,1
bosch,1
messina,1
gear,2
environmental,2
ipam,3
compensation,2
bioemedical,1
abstracts,1
trento,1
curves,3
seville,1
kepler,1
min,2
gravity,2
concerns,1
mit,1
dcmathematics,1
eight,1
preliminary,4
maaminutemath,2
payment,1
zworski,1
request,15
kaiserslautern,1
graphs,1
selection,2
text,6
supported,2
elimination,1
postdoctoral,15
portfolio,1
supporter,1
staff,53
ksu,4
gilman,2
knowledge,14
bernard,1
exceptional,5
photography,1
bear,1
timing,1
areas,22
organ,2
teams,5
fixed,2
national,52
svenska,4
enhanced,1
occitan,2
backchannel,3
pattern,2
discounts,2
difficulties,1
ccrt,2
invariant,1
boundary,1
deliver,2
furlan,1
nicolaus,1
optional,4
taking,3
equal,3
sepdepartment,1
swim,2
otherwise,1
comment,1
detailed,5
relevant,1
cohomology,2
denis,1
reserveducb,1
veni,3
levitan,1
tremendous,1
copier,1
copies,4
permanent,6
seasoned,1
warwick,4
indicators,2
copied,2
define,1
arises,1
finisher,1
bulk,1
assessments,3
general,17
bifurcations,1
siswati,1
welcoming,5
value,4
promoted,1
advisable,1
seeltersk,1
chaotic,1
linkedin,4
intuitionistic,1
arrangements,1
partner,1
arabic,2
regression,1
spacecraft,1
productivity,6
administration,18
colloquium,10
finite,3
blooms,1
cubic,1
intravascular,1
reporting,1
scholars,20
center,45
seth,1
thought,2
sets,2
kempf,1
arising,1
preprints,1
latest,8
helfert,1
tripods,2
executive,6
numbering,1
stored,1
ads,2
mathematically,2
add,7
ado,1
match,4
radiocarbon,1
tests,4
icis,1
like,8
inviting,2
vibrant,2
qualitative,1
porous,1
works,4
accessible,1
leuven,1
announcementimapp,1
classical,1
happens,1
vocabulary,3
newsmail,1
hurricane,2
mathdl,2
assuming,2
esl,1
noise,1
lichnerowicz,2
host,3
although,1
pitkern,1
quotients,1
boards,1
introduces,1
functional,3
chris,1
playoff,1
ridge,1
emory,1
outline,11
awarded,23
hasse,2
quanta,7
buy,1
inventiones,1
memphis,1
versatile,1
makemakika,1
wish,1
j,2
minutes,6
pic,1
radks,1
pig,1
identities,2
campus,18
corporation,1
detail,1
variation,1
astronomy,18
starting,5
coherent,1
creekview,1
limited,2
olympians,1
facilities,5
nwo,4
paris,8
tweet,1
pride,1
divergent,1
conjecture,1
risk,7
rise,1
mayboroda,1
every,5
jack,1
jerwers,1
school,36
pooled,1
supports,1
murcia,1
matematik,11
enjoy,1
leaders,4
disciplines,3
walsall,1
guidelines,12
direct,3
street,2
griggs,1
aim,1
clinicians,1
selected,5
foundationsmathematics,1
conduct,8
supplies,2
internships,1
teachers,14
philippe,1
hundreds,1
etyl,1
represented,2
aftermath,2
logarithmic,1
digits,1
voice,3
forum,2
leaver,2
analysts,5
fourier,4
changes,11
powys,1
julia,7
visible,3
middlesbrough,1
amherst,1
cassini,2
apam,1
scaffolding,1
would,3
asset,1
assessment,12
turin,2
gothenburg,1
robbins,2
phone,4
connecticut,1
varsity,1
kiswahili,1
must,6
join,13
palomar,2
henri,1
homepage,5
korovkin,1
mi,1
advocacy,5
muchnational,1
ms,2
mr,4
florida,4
lwsn,1
scheduling,1
keep,1
ceremony,1
end,1
eng,11
astronomers,2
writers,2
ancestor,1
description,1
mess,2
demanding,1
tsing,1
ziman,1
complexity,5
algorithms,2
polytech,1
recursion,1
synonyms,2
london,11
thesis,7
doncaster,1
ima,3
mapdepartment,1
expectations,1
exhibits,3
writing,4
edits,1
matematyka,1
iowa,7
diseases,2
interdisciplinary,2
hertfordshire,1
eigenvalue,1
alex,12
detroit,1
neuroscientist,1
affiliate,2
metrization,1
bislama,1
dima,1
saturday,2
pepito,1
uteach,2
millennium,1
got,4
newly,1
independence,1
arizona,9
associate,5
kirklees,1
stipend,3
streamline,1
wanted,2
daviddepartment,1
days,13
filter,1
corrections,1
onto,1
suhak,1
already,1
researcher,2
coding,1
primary,6
rank,2
restrict,1
fantasy,1
philosophical,1
adopted,2
nhs,1
samoa,1
esperanto,3
biomathematics,2
tor,1
top,35
fiction,1
tok,1
tom,1
dolnoserbski,1
percentage,1
variational,1
ceiling,1
tool,6
serve,1
took,5
widgets,2
western,4
bulletins,1
roles,2
msri,2
classes,10
nglish,1
talking,3
advising,13
seminar,24
relatively,1
thoroughly,1
academy,4
though,1
hesthaven,2
bsm,1
plenty,1
coin,1
insuk,1
bsc,1
partition,1
flow,3
declan,1
curie,1
yang,2
zazaki,2
reductions,1
queen,1
phds,1
radio,4
solutions,6
earth,3
endowment,1
availability,1
claude,1
delays,1
minnesota,5
geodesics,1
announce,1
oct,7
continuity,2
succinct,1
watch,4
fluid,4
despite,3
report,10
countries,1
multisensor,1
aarhus,1
resist,1
hrvatski,3
tensor,1
interviewing,1
continually,1
approach,2
discovery,6
confusion,1
however,1
boss,2
southeast,2
contamination,1
dedication,1
news,122
improve,6
hours,18
protect,1
irregular,1
fault,1
participating,4
players,1
games,5
jstor,1
faces,1
karen,1
trust,3
panel,3
conference,21
commutative,2
belongs,1
expected,2
extracurricular,1
kentucky,1
n,2
dept,1
rutgers,5
dashboard,2
aural,1
procedure,1
natives,1
experts,3
exterior,1
containing,6
suggest,1
leonhard,1
beside,1
mathcep,1
complex,14
foundationmathematics,1
dimensionless,1
several,5
loughborough,1
carceral,2
theodore,1
numerical,14
fridays,2
portal,8
characters,1
workings,2
greatest,2
wirral,1
jean,2
spencer,2
unemployment,3
greenwich,1
brigham,1
paraiba,1
pharmacy,2
technological,4
gave,2
sussex,2
cultural,1
newcastle,2
silverman,1
advanced,22
gifs,1
gift,5
diderot,1
specific,2
offices,1
officer,7
arbitrary,1
bryantsev,1
successfully,1
malaysia,1
clubs,1
advertise,13
tutorial,1
cns,1
icm,2
everything,1
icp,1
ict,1
core,5
deleted,1
discount,2
chapter,8
lightbox,6
plum,2
plus,1
connected,3
efforts,3
duke,14
primitive,2
presence,1
civil,2
puzzle,10
bath,2
wandsworth,1
bielefeld,1
tribune,2
abel,2
crewe,1
rely,1
indispensable,2
anderson,2
astrophysics,3
appts,2
medium,2
icma,1
differences,2
wireless,1
heat,1
hear,1
subsidie,2
flavour,1
multifactor,1
bids,1
donald,1
submitting,3
trigonometry,7
simulations,1
check,3
galois,1
ne,1
ny,1
hippocratic,1
papers,5
emeriti,7
confusing,1
football,3
brief,4
ifrim,1
teixeira,1
longer,1
bullet,1
newscenter,1
focus,8
leads,1
computation,6
llc,3
remarkably,1
inverse,3
clarification,2
hamlets,1
environment,9
multilinear,2
imapp,2
sponsors,7
partitions,2
buhari,1
riemann,2
level,17
posts,2
standards,18
yale,1
quick,12
says,2
roadshow,1
obsolete,1
aryabhatta,1
pma,15
knowlton,1
heine,1
chicken,2
substitute,1
spectral,3
choral,4
goes,1
evolved,1
water,1
witch,1
groups,20
chalmers,1
cambridgeshire,1
exams,13
navigation,18
hermite,1
parma,1
durham,2
aligarh,1
emmys,2
msu,1
stated,1
contoured,1
athens,2
sports,6
memory,2
australian,1
msc,4
prep,1
today,3
athena,2
eventsmathematics,1
sessions,12
chocolate,1
teaser,1
cases,1
insights,3
states,2
sheds,1
appoinment,1
local,8
flagship,1
placements,1
attain,2
nursing,1
figure,9
newsletters,8
performed,1
counting,2
requirements,25
torbay,1
vital,3
cardinal,1
fourth,4
endorsement,1
prelim,1
minicourse,2
irrational,1
huge,2
islamic,2
birthday,2
representations,1
kaisa,2
classroom,3
branches,2
dynamical,8
lemmas,2
cosmology,5
inform,1
representation,6
fatih,1
mainly,1
apes,1
tgtc,1
nimc,1
coordinates,1
platform,2
offers,4
farmer,1
graz,2
qualified,2
rescind,2
term,3
equality,1
name,1
aleks,2
possibilities,1
realise,2
cornerstones,1
hypergeometric,1
farewell,1
plans,6
ultimately,2
factors,1
oklahoma,2
factory,1
kent,2
theory,113
hulk,1
treatments,1
zuckerberg,1
obituaries,2
twitterancient,1
iview,1
wiktionary,1
motion,1
turn,1
place,5
raleigh,1
discontinued,1
origin,2
wuerzburg,1
faculty,146
clumsy,1
george,8
given,6
ian,1
cullen,1
clinical,4
white,7
gives,5
exploring,4
copa,7
hua,1
hub,2
cope,1
circulated,1
alan,3
huu,2
imagery,1
revdepartment,1
milton,1
wide,6
mcim,1
require,4
marinez,1
cards,1
oath,1
ang,1
pro,5
underprepared,1
conversion,1
malti,1
ideas,1
sciences,49
emphasis,1
animation,2
strengths,1
sure,1
multiple,1
printable,5
visitors,5
donation,1
mathnet,1
latex,2
considered,4
proud,3
hoboken,1
senior,13
quantity,13
workshops,8
spaces,4
homology,1
state,43
crime,1
wood,2
legendre,1
ssh,2
hangzhou,1
paper,16
reveals,3
connections,2
college,67
hisabati,1
encouraged,4
surfaces,3
eigenfunctions,2
federal,15
subsequent,2
lewisham,1
knoxville,1
outside,2
originated,1
milliman,1
cities,3
come,2
kloeden,1
region,3
contract,2
pakistan,1
bricks,2
continuation,1
qufu,1
youtubestanford,1
approval,1
endeavor,1
turkey,1
computing,14
consultancy,1
bequeathed,1
featuring,5
worcestershire,1
matematiko,2
maunu,3
direction,1
matematikk,2
matematike,1
matematika,30
matematiku,1
careful,1
universitext,1
case,5
arnold,1
admin,1
shops,2
coupled,1
someone,1
presentations,3
participant,6
april,8
granted,1
bowl,1
magyar,4
trip,1
shifts,2
events,85
week,7
directrix,1
downloads,2
driver,1
drives,1
director,5
arose,1
changing,4
relies,1
gerrymandering,1
minimize,1
boarisch,1
eureka,2
eesti,2
na,1
model,7
researchers,9
houang,1
brisbane,2
mihaela,1
harrison,1
guides,6
laurier,1
formmathematics,1
primorska,1
seems,1
except,1
blog,5
lets,1
ross,1
styles,1
easily,1
virginia,2
inflation,4
schedules,9
accepted,1
subir,1
particle,5
patrick,2
ganit,1
donations,2
tower,1
reduced,2
routesamerican,1
madrid,4
competition,18
deduce,1
bylaws,5
respect,1
developmental,1
tongji,1
dudley,1
legal,3
provides,6
ephraim,1
porter,2
update,6
afrikaans,1
svitlana,1
myjhu,1
cambridge,21
jiao,2
communication,8
marjorie,1
determine,1
quiz,1
mental,1
christianity,1
cultures,1
valley,2
illuminated,1
newtonian,1
fundamentals,3
jun,2
jul,5
faster,3
applying,7
probabilists,1
facebookmathematicians,1
strongly,1
taylor,5
felix,2
britain,1
politics,1
stumbled,1
heather,2
regents,3
announcements,11
really,3
requested,1
collaborative,1
separate,1
symbol,5
carnegie,1
includes,6
included,1
finals,5
clinically,1
calls,1
wife,1
curve,1
websites,3
mathfest,13
directors,2
missouri,2
directory,34
descartes,1
chinese,4
ali,2
surgical,2
mcfam,1
follow,9
alt,1
decisions,5
catastrophe,1
opportunities,42
aaron,1
program,83
stochastic,12
presentation,1
activities,15
woman,1
hisab,2
lincolnshire,3
egyptian,1
infringement,1
fas,1
faq,16
induce,1
psychologist,1
polytechnic,9
sliffe,2
stimulus,1
list,208
sautoy,2
programme,2
cockatoo,1
tel,2
webdav,1
ten,6
tex,2
rate,6
design,11
sug,1
riyoziyot,1
nonlinear,8
pinterest,2
gung,2
sum,2
lawrence,1
usamo,1
eminent,1
mathematique,1
zaragoza,1
condensed,1
eligibility,1
leeds,2
berkeley,9
directions,11
equations,36
chongqing,1
allows,2
mindsets,1
options,7
thurrock,1
texts,5
semester,6
florence,1
viscoelastic,1
clifford,1
proceed,1
beihang,1
markets,2
minor,10
mellon,1
zeitschrift,1
brosowsky,1
known,10
equation,6
v,5
computers,3
challenging,1
division,5
icosahedron,2
renate,1
mirzakhani,3
shanxi,2
rather,2
buenos,1
explains,2
wasow,1
algebra,37
orbits,1
reflect,1
catalog,4
lighting,1
short,3
susan,1
trevor,2
grande,1
turnover,1
september,47
essence,1
maidenhead,1
mission,3
disabled,3
scientist,1
darlington,1
avenue,1
developer,2
jacobi,1
might,2
hunter,1
framework,1
party,3
communities,3
instructions,3
marcus,1
mathematician,12
refresh,1
inequality,3
athletics,3
generation,2
used,12
undertake,1
loops,1
gagana,1
videosmathematics,1
p,2
lionesses,1
proctored,1
faqs,12
health,12
hill,2
shipment,1
microeconomics,4
induced,1
remodeling,1
wisconsin,2
danilo,1
cookie,5
teach,2
sylvester,1
consequence,1
feed,2
humboldt,1
shanghairanking,1
linking,1
least,6
fees,7
traveler,2
story,1
leading,3
interact,2
seminaire,1
passed,1
store,6
jyvaskyla,1
option,2
checklist,1
hotel,2
blaise,1
optical,1
logicians,1
schol,1
king,5
kind,3
double,2
assistantships,3
dana,2
obstacles,1
outstanding,6
kline,1
booklets,2
warnaar,1
wilson,1
florian,1
mypurdue,1
chairman,1
finding,3
added,2
electric,2
koeln,1
measures,2
reach,1
nothing,2
probabilistic,1
achievement,3
traditional,3
deans,1
institutions,6
stoner,1
cdf,1
deligne,1
computability,1
securing,1
triangle,5
alemannisch,1
contextual,2
budapest,1
luton,1
witwatersrand,1
factorization,1
cudina,2
investigate,4
activity,2
sustainable,1
vincent,1
rekenvaardigheid,1
wrote,2
ars,1
art,11
aru,2
ara,1
defense,1
bari,1
iccm,1
libraries,10
unions,1
various,3
swansea,1
zmathematics,1
corruption,1
latin,3
recently,1
creating,1
scatterplots,1
initially,1
relying,1
c,6
riddles,2
symplectic,3
annie,2
professorial,6
sakai,1
pr,1
political,1
due,1
strategy,3
johannes,1
reduction,1
pi,3
pl,1
pm,11
transferring,1
usage,3
demand,1
instructor,2
plants,1
georgia,3
indefinitely,2
earthquakes,1
behavior,3
fernandes,1
engineers,3
rio,4
neurons,1
elsevier,1
denumerable,1
whitehead,1
ignacio,1
advise,1
prerequisite,2
higher,6
literature,1
arrived,2
birch,1
bartlett,1
nantes,1
lower,2
hartnett,9
lacking,4
anybody,2
analysis,45
universityohio,1
competitive,1
intervals,3
questions,15
mres,2
summaries,1
tables,8
loading,3
tablet,1
also,37
workers,8
umshuttle,1
exhibition,1
theorem,7
euler,3
catalan,1
vahcuengh,1
domath,2
integer,2
confront,1
shapes,3
collect,2
arthur,1
essential,4
sitemap,6
ecology,1
sungkyunkwan,1
understood,2
newsletter,14
yantai,1
lorraine,1
tends,1
prof,1
anna,1
perpendicular,1
withdrawals,1
chishona,1
weil,2
roundup,1
volunteering,1
completing,2
range,5
fredholm,1
johns,6
question,4
long,6
mastry,1
analyze,10
sections,14
authored,1
vienna,2
files,7
criteria,1
junior,2
raising,1
colloquia,4
jobseekers,1
highlight,1
z,2
called,5
shandong,1
esci,1
kathryn,2
quantification,2
warning,1
peter,4
vernieuwend,1
rochdale,1
nice,1
dale,5
givental,1
users,2
problems,25
srpski,2
helping,1
meaning,2
posters,2
departments,11
dragged,1
departs,1
nasa,5
lafayette,1
scroll,1
enugu,1
resistance,1
winds,2
contributions,8
issues,5
rigidity,1
copernicus,1
simon,3
cambridgewmi,1
shanghai,4
languages,7
scorpan,1
dijkgraaf,1
include,11
confirmation,1
alder,3
electron,1
wishes,1
bounding,1
allahviranloo,1
notes,11
deals,1
leavers,1
businesses,4
noted,1
disclaimer,1
concluded,1
smaller,1
fold,1
traveling,1
universities,14
capital,4
blender,1
degree,37
ilmu,1
cal,2
desired,1
explore,12
catheterization,1
settling,1
metro,2
calvin,1
cesium,1
purview,2
examinations,1
kurtz,1
heart,2
webmail,6
herzog,3
ghil,1
api,5
motor,1
summation,1
apply,20
apa,1
ape,2
use,36
fee,2
antipolis,1
usa,11
examination,8
timetable,1
women,17
frobenius,1
infinities,3
oberwolfach,1
proof,4
tas,1
ludkowski,1
assumptions,1
something,4
onions,1
rape,1
sir,1
mciam,3
united,3
sit,2
six,2
inaugural,2
instead,1
attend,3
metamathematics,2
bockstein,1
light,3
chapman,1
mcgill,1
tenure,3
mentorship,1
whilst,3
mathematicians,57
looks,1
mchenry,1
badges,1
write,5
bocconi,1
tyler,3
choose,6
covered,1
pending,1
wolfgang,1
practice,3
nurturing,1
fled,1
salford,1
articles,26
dirac,1
edit,12
upheavals,1
soomaaliga,1
related,20
sectional,1
ebooks,5
category,5
chauvenet,2
chaos,1
honorable,1
induction,1
integrated,1
dictionary,7
york,11
conflicts,1
overtake,1
organic,2
waterloo,1
g,3
phrases,3
footnotes,3
phrased,1
exam,17
universitydepartment,1
publication,1
unknown,1
siam,7
viada,1
postgraduate,1
july,17
institution,4
patients,1
colab,2
srinivasa,1
disjoint,1
catholic,1
angle,2
aberdeen,1
agency,1
vegetation,1
centre,3
collaboration,2
delve,1
class,12
refreshing,1
looked,1
fowler,1
deng,1
goals,3
inspirations,2
chapters,1
planning,3
fear,2
pleased,1
candidates,6
thousands,2
suef,1
watching,4
ones,1
words,4
qs,29
differential,28
view,20
knowing,1
requirement,1
acquired,1
poitiers,1
computer,32
genius,1
identification,1
closed,4
stories,5
employmentdepartment,1
publishers,1
ability,7
opening,1
job,20
joe,1
soapbox,2
margaret,1
institutiobs,1
chamoru,1
trajectories,1
radchenko,1
undergraduates,7
walk,1
subscribe,13
sequences,5
table,12
bbl,1
occured,2
charts,1
tutor,1
literal,1
cauchy,2
hindi,1
naples,2
determinant,1
liverpool,2
serganova,2
wolof,1
sufficient,1
meritorious,2
nominations,2
mcat,2
improved,1
present,7
hangjie,2
subsets,1
choices,1
stunning,1
layer,1
les,1
thus,1
dual,1
radiation,2
cross,1
member,16
largest,6
inch,1
gets,1
difficult,3
convocation,1
student,71
soochow,1
vilas,1
theses,4
utrecht,1
english,27
heavily,1
interlingua,1
interlingue,1
bakhshali,4
blackpool,1
rapid,1
meetkunde,1
smith,3
discuss,2
mathoverflow,1
kragujevac,1
stakeholders,2
saturation,1
selden,2
know,3
knot,1
press,8
variants,5
hollow,2
geometers,1
helpful,1
miami,1
hosts,1
james,7
nondiscrimination,1
sequence,5
growth,10
ablaze,1
cuza,1
employment,44
imposible,1
jeremy,1
lead,2
breakthroughs,1
leader,1
waris,1
obituary,1
conveyed,1
slum,1
analyses,2
transformations,1
rare,3
getting,1
column,1
universe,2
shipping,2
uclwolfram,1
urges,1
create,15
weather,12
novosibirsk,1
registration,13
van,3
val,1
transfer,9
apps,9
spiral,1
quadratic,3
ethhomepage,1
ford,2
funds,6
gaussian,2
volume,1
matematica,6
automated,4
yuanyuan,1
made,4
whether,2
record,1
henan,2
arne,2
bce,1
jenny,1
inadequate,2
aditya,1
webpages,4
jenna,1
diplomat,1
incredible,3
riaz,1
percent,10
illinois,2
book,26
june,14
hausdorff,1
cliff,1
ranks,2
accessibilitymathematics,1
melayu,2
