stock,4
limited,4
wetlands,8
exams,1
searchable,1
hats,4
personally,1
yellow,16
four,4
facilities,6
nursery,2
boogie,1
controversial,2
hanging,1
woody,3
trawling,3
oldest,6
integrity,1
towns,3
dera,2
feeding,9
scholastic,3
buddy,1
aug,1
electricity,1
crappie,17
swan,4
disability,7
created,2
painters,1
edward,2
voted,4
noisy,1
chill,2
mlb,2
nonresident,14
rescue,4
geology,5
propane,3
pages,14
rise,2
dell,1
homes,1
every,1
updates,8
namespaces,1
upstream,1
conception,1
seedlings,1
bringing,1
adaptive,2
tagging,2
alpine,8
tickets,4
school,9
basics,6
surfside,1
naturalist,1
largemouth,16
pinch,2
loess,2
upload,1
herbert,1
frozen,1
lacs,7
nearshore,1
flashy,2
affect,1
enhance,1
clothes,1
enjoy,6
chew,1
charter,19
deutsch,4
phones,2
consistent,3
opendatapa,2
feathers,1
direct,2
groomer,2
tires,3
electricians,1
regulacions,1
ais,8
air,30
blue,9
established,2
federal,2
trapping,29
mls,2
decisions,3
cooking,2
near,20
layers,2
reasoning,1
backwaters,1
webarchive,1
foodstuffs,1
new,51
net,5
increasing,1
ever,5
internships,5
told,3
dep,6
widget,2
furbearers,7
never,8
pontoon,2
ramps,8
govdeliverynh,1
reported,5
sustainability,7
protection,31
mep,1
ethanol,2
aid,2
active,5
futurecast,2
quite,3
finders,3
growing,1
violate,2
dry,4
kids,18
daughter,2
forum,6
jams,3
auction,2
mitchell,2
study,3
economics,3
reports,74
adopt,2
museums,4
credit,4
obituaries,2
mentor,1
permit,56
unwanted,2
casino,1
natives,1
changes,3
signifies,1
attractor,3
norsk,3
carl,1
mobility,2
wikimedia,1
graders,1
visibly,1
county,19
conflicts,1
pound,3
serving,1
jackets,3
plover,4
captive,2
classifieds,2
unit,3
hasbrouck,1
canoeing,5
would,5
browse,1
govdelivery,4
story,2
bike,5
call,15
bedrock,2
passport,5
dnr,36
strike,1
indiana,11
deserve,1
assessment,7
tell,4
swap,3
loon,3
posting,7
populations,2
successful,1
dressing,2
whirling,5
training,17
award,4
hurt,1
warn,1
phone,4
warm,8
varsity,1
tying,3
excellent,5
hole,4
hold,4
medical,1
tampa,1
must,32
shoot,4
tnt,1
join,8
room,13
permits,129
ferry,1
presentation,2
localstream,1
work,16
eclipse,2
worm,18
worn,1
movies,1
locker,5
tissue,2
temperatures,1
transparency,4
henry,1
exceptions,6
ernest,1
salvage,7
could,6
carmel,12
decorative,2
headphones,1
estate,4
give,3
underwear,2
gaff,1
household,3
dolphin,1
lure,5
honey,5
indicates,1
attractants,3
caution,4
brookville,1
want,6
quail,2
savers,1
keep,9
attract,2
guarantee,3
hog,1
ones,1
end,1
recovery,5
thing,3
provide,10
verify,1
travel,13
nuts,1
damage,10
machine,1
hot,8
front,3
boats,13
gate,4
beach,34
offshore,2
massive,3
regional,16
paste,1
description,1
mouths,4
policyfishing,1
ladder,1
memorial,2
campgrounds,5
spearfishing,3
shores,1
mesh,1
waterfront,1
law,18
types,23
purchase,22
newschoolers,1
whooping,2
invest,1
third,3
weekender,1
minifigure,1
facilitate,1
tulibee,2
headquarters,5
digests,1
allison,2
maintain,3
bahasa,3
waited,1
enter,6
steals,1
order,13
wind,7
operations,7
nyc,1
feedback,1
office,25
agreement,1
snakebite,2
vary,1
accomodations,1
kickoff,2
finest,2
london,3
oven,1
innovative,1
japan,1
panthers,2
nets,2
mayor,1
digest,2
baiting,1
scoring,4
sciences,3
californians,1
fit,1
personal,10
fix,2
recreational,43
avocado,1
denver,1
crew,4
better,4
complex,1
encounter,1
wellness,2
weeks,3
looks,1
fin,1
easier,3
inventory,7
versus,2
donors,2
undercut,1
iowa,50
shad,4
bans,1
spray,4
workout,1
safe,6
vouchers,2
metering,1
often,6
voluntourism,1
example,2
effects,1
flotation,1
schools,12
fear,1
sixteen,2
rental,12
bank,3
bread,1
aired,1
streamflow,1
netherlands,1
grammar,2
rocky,7
oxygen,1
notified,2
grasslands,2
l,1
detroit,1
skills,1
filling,1
newport,1
arrow,1
fitness,5
volcano,2
feeds,3
higher,2
side,18
luck,1
burial,1
financial,9
logs,4
independent,1
councils,4
dumping,2
crimes,4
moose,1
bowls,1
parasites,1
carry,1
logo,2
dawn,3
wmfisher,2
motorized,9
saturday,7
curators,2
rv,3
trending,1
gibbon,4
rr,2
trumpeter,4
tales,5
cameras,2
hooked,3
monitor,1
vessels,7
angular,1
content,11
method,1
instill,1
unabashed,1
medicine,1
revolving,4
frequently,3
millions,2
forth,1
lakefinder,1
foundation,4
hipp,1
barrier,1
facilitation,2
closings,3
threatened,10
surveys,14
free,21
mourning,2
necessarily,1
biological,1
sheet,2
estimate,2
kit,1
certified,6
timeshares,1
earbuds,1
racquetball,1
rehabilitation,5
days,8
usefishing,1
atv,3
bears,4
renew,5
levels,12
competed,3
brownfields,3
moving,1
lewiston,1
bite,7
purpose,3
inspectors,3
brucellosis,4
already,1
wikisource,1
features,12
sharelunker,2
nhl,2
meet,3
primary,3
channels,4
fantasy,9
featured,11
adopted,3
another,5
drones,2
titled,3
esperanto,1
clarity,7
electronic,5
mojo,1
portable,1
mercury,1
rated,33
interesting,1
service,27
lego,7
families,2
tos,2
emporio,1
returns,1
approximately,1
heights,1
plentiful,1
boating,97
rates,8
listed,4
tom,2
twister,1
recreationally,1
dogs,1
damaging,2
listen,4
urban,13
ceiling,1
guidelines,4
estimates,1
signup,6
villages,2
leaking,1
took,2
baseplate,1
western,8
honolulu,1
wasted,2
postcards,2
ngos,1
stocking,40
begins,5
past,2
target,2
joemn,2
older,9
enabled,1
likely,2
tackler,2
project,26
matter,2
classes,8
expo,2
cabin,2
historical,2
mammal,1
filleting,1
workwear,1
led,1
assessments,4
displays,1
bridge,4
fashion,2
rac,2
exploring,1
navigate,1
plugins,1
shoals,2
mining,2
spent,1
waverunner,1
seen,3
subjects,1
contents,3
relatively,1
strength,1
mostly,5
cottages,1
burgers,1
scoping,2
responsible,3
boaters,2
openings,4
mahwah,1
recommended,1
materials,8
birdwatching,1
forces,3
responsibly,1
transmit,1
swims,1
even,3
lion,11
though,1
berst,1
mcadams,2
wells,5
germany,1
letter,1
entry,3
competing,1
subtotal,1
weddings,4
zealand,1
squash,1
crayfish,2
treats,1
neighborhoods,1
grove,3
consumed,1
camp,3
metal,2
dog,16
doe,1
memberships,1
competitors,1
points,10
camo,1
comprise,1
backorder,3
sun,10
countryfishing,1
consumer,5
doves,2
reserve,7
renting,1
advisory,27
aquatic,75
bait,38
stephens,2
statistics,6
insects,2
lewis,5
meetings,15
jurisdiction,2
sage,4
brief,1
baja,1
colors,1
keywords,2
earth,1
dove,2
availability,1
kennels,1
sharks,4
northeast,107
shellfish,1
implementation,4
menu,23
guidance,10
tpwd,4
minnesota,2
waterbody,2
wrestling,1
rick,1
adequate,1
greenbrook,2
plate,3
dl,1
incentives,1
wide,2
asbestos,2
dg,1
de,3
watch,21
dc,1
coast,10
pocket,1
pagescdnr,1
piers,3
cat,2
dansk,1
supplies,5
report,124
oak,1
tips,32
sandy,2
hall,2
bat,3
countries,1
roasted,1
fields,3
trace,4
straits,1
bay,7
whitefish,2
reload,3
stead,1
architecture,1
ems,11
securityfishing,1
release,18
freshwater,73
steal,1
steam,4
circling,1
newspaper,3
rookeries,2
captures,1
disaster,2
fair,5
helmets,2
testing,1
reefer,1
sturgeon,11
zones,4
campbell,2
pads,3
decided,1
reviewer,31
fail,1
simi,1
best,31
subject,3
brazil,1
voyage,4
hrvatski,1
said,3
capacity,1
runs,1
scorp,1
consistency,1
lots,8
analyze,1
away,2
wikipedia,7
artificial,12
summaries,5
stamps,8
future,8
pets,7
simplest,1
adjudged,1
darkhouse,1
approach,1
discovery,1
preserve,5
reddit,5
terms,16
wa,1
nature,12
ask,4
stakeholder,5
guidepennsylvania,1
fallujahincreasing,1
otherwise,6
cfap,1
southeast,9
outages,1
aquarium,2
contamination,3
news,97
picking,5
angling,77
wy,2
flathead,11
suggested,4
ranges,15
climate,11
planner,11
violators,9
swoops,1
lgbt,3
ventilator,1
country,5
readers,2
heating,9
amazing,2
participating,1
unc,2
games,3
cod,2
receives,3
currentoon,3
als,2
requests,2
asked,7
collecting,1
tough,1
spear,2
taxidermist,1
enables,1
westslope,2
gopher,1
tons,1
initiative,3
alone,1
tony,1
springs,3
trust,7
getidaho,1
conference,1
watercraft,6
afrikaans,1
rangers,1
fri,7
three,2
quickly,2
commission,49
insoles,1
much,9
interest,4
basic,3
expected,2
kelp,1
basin,5
pro,3
containers,2
website,11
snappers,1
life,10
chub,1
deeper,4
efficacy,1
eastern,7
worker,3
affixed,1
snakes,1
substance,1
chile,1
child,2
catch,32
establish,1
worked,2
voices,2
crossing,2
violations,6
tortoise,2
exception,1
combos,4
tank,6
publicly,2
websitecolorado,1
kentucky,2
n,1
aim,1
ugly,2
happenedbass,1
teachers,5
gnd,1
items,9
appeals,1
lastfishing,1
property,8
flooding,1
leaves,1
launched,1
savanna,3
spawn,1
upgrade,1
stink,5
pectoral,1
myrtle,14
surprises,1
metropolitan,1
mexico,4
geographicmassachusetts,1
accessories,19
ii,2
soils,2
morwick,1
experts,3
exterior,2
casting,5
wooded,1
seattle,1
wdfw,4
id,13
reuse,1
hong,1
pathfinder,1
bottles,2
alien,12
miniature,1
things,14
make,22
zionsville,12
rodeos,1
drawstring,1
boater,10
plates,4
several,7
couple,3
karst,5
entitled,1
wheel,3
meets,1
satellite,2
basketballs,1
updated,1
fuss,1
sacramento,1
social,21
tops,1
rain,2
hand,2
portal,4
warden,7
characters,1
military,12
dark,12
geist,13
tuna,1
attractors,2
opportunity,1
understand,1
camping,22
prescribed,1
specialize,1
programs,64
thu,6
pfbc,7
cultural,6
ocean,6
skillful,1
charity,1
contact,83
mother,2
dewatering,2
alabama,12
camps,5
corporate,2
left,1
seasonal,4
etiquette,1
protocol,1
birth,2
proposed,4
athletic,1
photo,10
sporting,10
prints,1
massfishhunt,2
decorated,1
goggles,1
identify,2
purchasing,1
human,3
falcon,2
facts,8
yes,50
yet,2
previous,8
knoll,1
jose,1
remedial,5
hills,3
equipment,12
photographer,1
biodiversity,1
effort,1
utahcatch,1
ideal,2
haz,6
advisories,5
collections,2
board,31
easy,8
technological,2
duffel,1
condors,1
save,3
latina,1
rnk,1
fallujah,1
elevation,2
municipal,1
laces,1
knock,1
runa,1
survival,6
roadside,2
titling,3
wayback,1
boxes,2
unprotected,2
background,4
performance,1
unique,3
advanced,10
occurring,2
shoulder,4
brought,2
gift,7
hogs,1
cooler,4
shade,1
grizzly,6
hunt,45
manual,10
zoom,1
divers,1
specific,13
offices,13
officer,8
night,3
eyelet,1
security,8
kearney,2
towards,3
blackfoot,7
beneficial,1
right,9
old,17
creek,8
deal,3
people,21
czech,1
orlando,1
ncwrc,3
deaf,1
begin,2
dead,1
malaysia,2
intern,11
meters,1
escape,2
pain,1
advertise,8
contests,3
counts,2
tutorial,1
tourismfishing,1
nouormand,1
toxic,2
tracked,1
bottom,6
purple,1
herring,2
investigations,2
loads,1
ice,26
rio,3
filming,1
squeeze,1
tracker,2
landscape,3
denied,1
steps,2
christmas,3
participation,3
groundwater,3
pinched,1
core,1
shakes,1
substitutes,1
disposed,1
champion,1
marketing,4
lining,1
breeder,2
promos,1
packages,1
pliers,2
post,2
wonders,2
super,5
landowners,2
meyer,1
trophy,1
filipino,1
cowboy,1
attacks,1
dollars,1
citizens,11
alligator,3
magazine,12
montana,37
plus,8
afternoon,1
logistical,1
islands,2
billfish,1
trampolines,1
slightly,2
automatically,1
treble,2
duke,2
primitive,1
indonesia,2
managers,3
pricy,2
presence,2
wasting,3
pays,1
float,6
obtaining,2
creel,1
advantages,1
locator,1
decorah,4
tribune,3
salisbury,1
coastal,16
wrap,2
reducing,2
soon,1
methods,6
viewers,1
gis,8
real,7
mooring,1
tumblers,1
support,15
flying,2
vision,6
payment,4
cybersecurity,1
anderson,2
conservation,98
editor,2
way,9
checks,1
music,3
ferris,3
happy,5
lowest,2
wikiquote,1
head,4
form,14
offer,6
clinics,2
becoming,10
paypal,1
stereo,1
landing,3
peninsula,15
heat,2
lows,4
bighorn,9
survive,1
canopies,1
approval,2
removed,2
true,1
fort,6
powder,2
pavilion,1
builds,1
webs,1
type,3
inside,17
morning,1
attached,2
clubs,2
polski,2
retire,1
crystal,1
economic,4
pest,3
authorization,2
warmwater,1
attaches,1
dare,1
mtg,2
pricing,7
proud,2
shin,1
sticks,1
item,2
nudity,1
tournament,4
covers,1
evidence,2
saltwater,51
atvs,1
enhancements,2
ship,1
petition,1
requestold,1
archive,22
physical,1
nh,9
nj,11
smelt,2
faithful,2
dotted,1
memphiskilling,1
commercials,1
nc,13
generally,4
ne,1
reality,1
til,1
flood,9
build,2
conditions,26
republic,2
holding,2
papers,1
nr,2
depot,1
smell,3
dirtywaterbasser,2
bowhunter,3
bathymetric,2
permitting,11
bellevue,9
irma,4
handicap,1
waterways,4
football,4
update,8
transported,1
trailers,6
fell,2
yellowstone,35
rising,2
scores,2
authorities,3
discharge,2
aware,9
weekend,9
unlocking,2
amusement,1
billion,1
younger,6
sloughs,1
longer,2
marathon,5
typically,2
unhook,2
yacht,1
daily,10
beds,3
championships,1
reception,2
time,28
serious,2
quantity,2
decision,2
steelhead,5
adult,2
noncontrolled,2
commissionfish,1
managed,2
shelters,6
corps,1
perch,13
dance,1
skip,9
skis,1
global,9
rod,18
walking,2
horseback,8
switches,2
cougars,2
abatement,2
mile,2
comments,24
skiing,6
transworld,3
abundant,2
retention,1
roanoke,1
depend,1
zone,5
everything,5
certification,12
crates,1
webmaster,1
chances,1
reptiles,7
wed,6
suffered,1
veterans,8
southwest,8
brown,5
protective,2
federation,2
institute,1
choice,1
liability,2
whether,1
tanks,5
entries,2
word,1
exact,1
minute,4
cool,6
rotating,1
clouds,3
went,2
level,6
cleaners,1
philippines,1
rights,4
posts,1
gun,1
waldwick,1
standards,9
leave,5
crappies,4
planning,14
excellence,2
teal,2
team,11
quick,4
guy,6
cuetos,1
dip,1
mo,1
added,1
attracting,2
upper,15
says,5
trails,35
termsmontana,1
discover,7
sign,27
inland,4
cost,3
shirts,4
eating,2
bacteria,2
drinks,1
stands,1
enlightened,1
norris,2
toddlers,2
assistance,56
fillet,1
current,65
switch,1
hungry,1
sikes,2
template,1
pine,1
illustrations,2
international,5
falling,2
trot,4
unintentionally,1
era,1
bosanski,1
supporting,1
dispose,1
processing,3
unsure,1
ms,7
mussels,2
v,9
french,1
understanding,1
water,177
snagging,2
snack,1
issued,2
groups,5
address,7
circular,1
gorge,2
along,22
hoops,1
appears,1
change,11
wait,2
box,4
boy,3
enroll,5
exemption,3
noticeable,1
treestands,1
healthy,2
hauling,1
bow,2
trial,3
women,1
waterbodies,19
raccoon,3
hospitality,1
navigation,28
massage,1
crankbaits,2
useful,5
santa,1
hiking,13
statewide,8
marked,1
italiano,3
kayak,8
empirefishing,1
licensing,19
reinvention,1
firearm,1
market,6
hotels,2
terminal,3
permitted,1
citizen,24
sinkers,1
capsized,7
working,15
prove,1
ande,1
positive,2
timeline,2
bayshores,1
visit,15
predictions,2
sports,33
scenarios,2
insider,1
live,22
wood,5
prey,1
iphone,2
slough,1
criteria,3
films,2
intermountain,3
associated,1
thru,1
checkout,1
today,5
spinnerbait,1
commissioner,2
preserving,3
drainages,2
club,2
curriculum,2
envelope,1
shing,1
oregon,3
clue,2
minnows,3
fuel,1
visual,2
everywhere,1
observations,1
realty,2
olive,1
cases,5
given,1
osprey,4
fly,16
organizations,2
instructional,2
volunteering,6
trackers,3
thousands,3
gamefishing,1
beaver,1
ibf,1
sowschoice,2
reviews,27
diverse,1
printing,1
values,1
achieve,1
cam,4
following,8
making,2
interstate,6
bites,2
coral,1
roundtable,1
imitation,2
heart,1
classrooms,2
dropper,1
internet,1
trump,1
stream,16
frogs,5
massgrown,1
awesome,7
newsletters,3
agent,8
topic,1
subregion,1
incredible,1
council,17
allowed,4
furbearer,5
clothing,6
clair,6
requirements,25
reece,3
septic,5
nys,1
discussion,2
watching,16
ping,1
askreddit,1
trophies,3
chemical,5
sunday,1
gar,1
endorsement,4
ensure,5
irreverent,1
supertag,4
michigan,6
pounders,1
belongs,1
map,37
snaps,1
mar,1
plains,5
biennial,2
crashes,2
huge,2
may,30
striper,4
sacrifice,1
spot,1
wardens,2
applications,16
membership,2
produce,1
tipped,8
designed,3
compactfishing,1
date,5
fusion,1
data,31
renovation,1
aoy,4
man,1
classroom,4
climbing,1
surfing,1
natural,35
remember,3
whenever,1
maybe,2
wheelchair,2
sw,5
introducing,1
st,1
tale,1
burmese,1
ghg,2
truck,2
deposit,2
sc,2
definitions,11
wolves,7
pulled,3
talk,5
typical,1
homochitto,1
exclusive,2
tagged,5
comfort,1
shoes,9
estuary,4
repair,1
stargazing,1
kayaks,2
residence,2
mainly,1
wildfires,1
kong,1
course,6
entrails,3
fisherwoman,1
lsp,1
differs,1
statements,2
cold,9
still,10
birds,13
blocked,1
jig,5
wolfsie,2
leases,2
group,14
thumb,2
laguna,1
jim,1
oakley,1
coordinates,2
forms,61
subsurface,1
coaching,1
offers,14
celebrate,1
listing,1
policy,32
mail,2
crane,4
main,36
norway,1
alluvial,2
istock,3
clickableerrormessageimg,1
finance,1
views,3
matches,364
dpu,7
introduce,2
records,36
qualified,1
tails,1
mismatched,1
base,1
half,2
feature,6
feathered,1
killed,3
snorkeling,3
possess,3
tern,4
term,1
name,3
james,1
drop,5
goat,3
ardent,1
picnics,1
fisherman,10
suspends,1
bats,3
cliffs,1
noblesville,12
em,2
domain,1
weighted,2
grouse,3
populated,1
procurement,2
nashua,1
receipt,1
americorps,4
goose,3
jigs,6
fires,5
catching,6
watershed,19
entering,1
year,11
et,3
suzanne,1
sunrise,1
intended,1
canada,4
living,12
container,1
webcasts,1
multiplayer,1
abide,1
looking,2
seriously,1
beige,1
newsletterfish,1
dutch,2
incidents,1
hemorrhagic,1
viable,1
assurance,2
shows,4
smallmouth,17
eagle,8
attended,2
daveys,1
carp,1
million,5
fishfinder,1
pumping,2
cart,12
commons,1
pastured,1
california,4
lotteries,1
trademarks,1
bathymetry,1
marina,2
marine,26
accommodation,1
card,8
care,6
macos,1
bitterroot,2
language,2
recon,1
listings,4
programming,1
british,1
replacement,1
turn,6
place,8
footwear,4
swing,1
styles,1
nonprofit,1
think,7
substrates,1
first,49
exotic,2
ridebmx,1
tennis,1
saving,3
enhances,1
patoka,1
pallid,5
coming,1
ecology,4
one,26
commissioners,7
fast,3
suspended,3
spanish,1
vote,2
message,7
grindtv,2
open,35
george,1
size,17
sheep,11
city,15
little,9
sitemapfishing,1
checked,1
molded,2
district,23
efforts,1
bookmark,1
caught,22
structured,2
iac,3
plastic,3
anyone,4
encourages,1
cooling,1
draft,2
terrifying,1
parasailing,1
legally,1
white,13
cite,1
friend,1
gives,1
nutrition,1
eyes,1
hydro,1
releases,12
watersports,1
ownership,1
season,24
outreach,13
interbasin,1
lewers,1
eliminates,1
alan,2
cheerleading,1
broadcast,1
released,5
shock,1
sicilianu,1
lazy,1
copy,2
login,8
population,11
professionals,7
television,1
antidegradation,5
effective,4
hammocks,1
require,2
transferred,1
rehab,2
r,1
cards,3
accessed,1
watchtower,1
server,1
scuba,1
browser,2
prd,1
gathering,1
documentation,1
san,6
angel,1
mountains,1
topics,4
premier,1
locations,13
seabirds,1
scorecard,1
say,7
supervision,1
ans,4
breakfast,1
saw,1
batting,1
sat,7
speakers,1
wct,2
inspections,3
veteran,1
ideas,8
cancelreel,1
endangered,13
clearwater,1
cfls,2
take,16
repeatedly,1
online,50
interior,5
responsibility,2
overfishing,1
impairment,1
dips,1
channel,36
ultimate,1
butterfly,2
dlc,1
iwe,3
sure,3
multiple,1
equestrian,4
theatre,1
roster,12
track,6
price,14
plied,1
buffet,1
falls,1
visitors,13
donation,2
fcc,2
printed,2
sheets,10
pleasure,1
complaints,1
knee,1
upland,18
america,1
bluebird,2
conspicuous,1
icon,1
stormsmart,3
radioactive,2
especially,4
fisheries,60
considered,3
seafood,4
reform,1
steady,2
drive,5
snowmobiling,4
exclusions,1
managing,3
anker,2
patio,1
grassland,10
professional,2
senior,4
salt,2
applicator,2
salv,2
laws,38
shop,74
rating,2
madison,9
misconduct,1
solar,3
show,14
german,1
workshops,12
recipe,2
trespass,3
bright,2
spaces,4
shoe,2
tonnage,2
celebrating,2
corner,2
inshore,2
line,24
fifth,1
ground,4
enthusiast,1
boundaries,2
slow,2
gulf,2
title,10
breadcrumbs,2
dick,2
outside,4
going,8
black,17
hockey,1
slidingbar,1
bluegill,16
bureau,1
blinds,1
nightcrawlers,2
roadkill,2
carolina,20
factsheets,2
get,45
contracts,1
casted,1
merkel,1
bertom,1
designated,2
alerts,4
truly,1
inspection,5
cannot,1
nearly,3
progress,2
banjar,1
awaiting,1
platte,3
boundary,1
comment,15
closure,2
reveal,1
regarding,1
lassos,1
resource,13
settings,2
floods,1
summary,11
miles,3
bison,12
predicted,2
baits,14
pants,4
uw,1
reels,9
wiki,1
reveals,1
embayments,1
picnic,12
filters,1
seas,1
bids,3
signs,1
closures,16
actively,2
college,3
devices,1
magazines,2
parking,1
calendar,57
sport,6
concern,6
voluntary,8
registering,1
farmers,1
ways,5
tellmyrtle,1
review,19
sites,30
forecast,6
weapons,1
behind,4
charters,1
import,1
reading,2
across,10
affordable,1
notice,7
jobs,11
august,6
visualized,1
filter,2
flow,3
feedbackfishing,1
killing,2
densely,1
spare,1
article,4
trolling,2
come,6
receded,2
coupons,1
influenza,1
dates,21
panels,1
installation,2
successes,2
many,26
region,76
trades,2
according,2
instagramfishing,1
southernmost,1
enabling,1
propagation,2
tour,3
gwp,3
fined,2
dwellers,1
awards,10
surplus,1
nearby,3
among,3
fishable,1
poaching,17
color,7
overview,3
endless,1
nobel,1
venues,1
sampling,4
satisfaction,1
pole,3
grants,40
pundits,2
czm,2
learning,6
disproportionately,1
aerial,2
buoyancy,1
div,3
boat,72
durrable,1
turkey,17
arts,10
oliver,1
cycling,1
puget,1
stretch,1
west,24
keys,16
computing,1
vacation,11
tue,7
breath,1
camanche,1
ed,2
combined,2
judging,1
consultants,2
ranches,1
borders,2
renewables,1
odessa,2
wants,2
avian,2
enable,3
shopping,10
precautions,3
fishin,4
decimating,1
offered,1
nysdoh,1
reaching,2
photos,11
pennwatch,2
wake,2
external,2
standard,15
pilot,1
sound,5
eis,2
juveniles,1
folding,1
turtles,1
developing,2
variances,2
telemetry,2
engineering,4
profiles,2
scud,1
canoes,1
trico,1
alternative,2
policies,8
mono,1
scum,4
exist,1
pressure,2
hunts,8
spotlight,1
enriches,1
vest,1
conferences,2
canoe,7
soil,3
engaged,2
speedway,1
sleeping,3
evening,6
croaker,1
contract,1
ambient,5
ctrs,2
return,3
protein,2
demolition,3
floating,7
diseases,14
floodplains,2
party,2
different,8
develop,1
combination,8
printable,1
april,1
media,30
magyar,1
check,15
ceo,1
html,2
pad,1
catfish,33
struggling,1
document,1
events,73
residency,4
week,10
visually,1
barbed,1
finish,2
singapore,1
enjoyment,2
meteorological,2
assist,5
missouriweekly,1
weed,11
allocation,2
persons,3
running,7
edges,3
investigates,2
advertisement,9
changing,3
oceans,2
totally,2
tradition,1
renewable,4
nm,1
costa,2
tracking,1
snow,2
pennsylvania,6
identifiers,1
skipping,1
severe,2
without,6
solve,1
eesti,1
bottle,2
communications,1
model,1
estuarine,1
directly,1
ccc,2
scholarship,1
summer,6
toxics,8
outdoor,43
livestock,2
money,4
guided,5
mgmt,3
rest,2
pickleball,1
communities,5
cease,1
polish,1
speed,3
guides,18
weekly,16
feedlots,1
snowboarder,1
ny,3
tourism,8
except,3
civil,1
improvement,10
blog,8
wall,2
lets,1
setting,4
watchable,7
treatment,2
samples,1
emissions,6
extensive,1
heavier,1
nongame,15
careers,17
ross,2
grip,2
drink,2
consumption,8
around,15
kills,2
anglers,30
read,30
delhi,2
implications,1
virginia,1
gonna,1
lantern,1
amy,2
traffic,2
preference,1
mom,1
schedules,4
world,8
reap,12
grin,1
furniture,2
meaning,1
proponent,1
englewood,3
fossils,1
snowmobiles,7
identifying,3
wqi,2
erosion,5
suppliers,1
buddies,1
miracle,1
lightning,3
discarded,1
benefit,4
footballs,1
donations,1
either,3
clay,2
recalls,2
tower,3
passionate,1
attempting,1
auditorium,2
landowner,21
usage,3
walleye,25
kvd,1
pacific,2
efsb,1
resorts,4
specified,5
images,123
intend,1
groupers,1
reasons,1
myoutdoortv,1
provided,2
oakland,1
windows,1
rulemaking,3
operators,6
legal,7
moon,3
models,1
critical,3
provides,1
pipes,1
toolkit,4
moderate,3
kmz,2
caring,2
welcome,4
scientific,13
business,42
saluda,1
seine,2
critters,1
miscellaneous,2
broken,1
leadership,3
visits,2
leftover,2
prepared,1
throw,4
downrigger,2
spotlights,1
comparison,1
responsibilities,2
central,9
stations,3
island,5
industry,9
favorite,6
drag,2
wolf,18
stand,3
roam,1
mixed,2
tariffs,1
tributary,3
backup,1
rebuild,1
road,5
brook,4
researching,1
lands,62
route,1
brezhoneg,1
burning,2
limburgs,1
image,2
pending,1
quotas,1
organics,1
everyone,2
involvement,5
fishmt,2
determine,3
reservation,10
operator,6
wade,1
feeders,1
nonmeandered,1
bergen,4
impressive,1
wingdams,1
easements,2
legacy,7
log,10
prepare,2
area,47
qualifying,2
hazards,6
philadelphia,1
deadlines,4
dispersion,1
los,4
encounters,5
lions,2
low,12
lot,3
mdc,5
elbricksperto,1
valley,1
energy,40
foam,1
proposals,4
washers,1
lang,1
jug,1
fundamentals,4
mammals,5
regard,1
bluefish,1
strikes,1
spider,1
beginners,2
viewfishing,1
hurricanes,3
campmor,1
trying,5
featuring,1
buying,5
happening,1
pull,2
rush,1
fraud,1
romantic,1
embedded,1
rage,1
louisiana,2
assistenza,1
vhs,1
nightlife,2
netting,2
dvd,1
organize,1
asst,2
embed,1
blackened,1
compromise,1
outing,1
expect,1
strongly,1
parksnebraska,1
vehicles,10
ad,3
videos,23
exhausted,1
certain,2
citation,3
deer,24
sales,5
minneapolis,1
general,23
rvs,1
cbs,7
idioma,1
bench,2
file,16
walks,1
girlfriend,1
politics,4
waders,4
hound,1
spends,2
film,2
fill,1
reportsnjdep,1
amendments,2
jawa,1
middlesex,1
bicycling,2
personnel,2
storage,9
green,16
insurance,3
rubber,1
field,14
cleanup,12
preventing,1
eduardo,1
antennatv,2
trash,1
pollutants,2
gaining,1
requested,5
operation,3
sharing,1
congress,2
galego,1
students,6
nedersaksies,1
dubuque,2
includes,4
gifts,1
important,10
nederlands,3
registry,4
accounts,2
terry,2
tackle,38
checkoff,2
finals,1
pool,46
network,4
building,5
remote,1
snagged,1
wife,3
controlled,5
casts,2
odds,4
shafer,1
finished,1
websites,2
scroll,1
principal,2
directors,1
observe,1
shelter,8
missouri,11
directory,25
nutrient,4
songs,1
starting,2
wastewater,5
represent,1
monte,1
beaverhead,4
pheasant,6
chinese,4
aids,5
infestations,1
corks,2
worms,11
month,2
diesel,1
violator,3
debris,4
tours,5
welfare,2
talks,1
follow,10
faqs,32
pts,1
children,4
causes,2
whiting,2
extra,1
preserves,8
hunting,153
tv,8
pretreatment,4
snowboardingfishing,1
wyoming,5
opportunities,32
removal,5
tail,5
program,151
danielle,2
nynorsk,1
safety,59
wma,6
enjoying,2
homepage,1
rob,1
lamiglas,1
activities,23
woman,8
returned,1
returning,1
far,4
faq,15
mountainlionexam,3
removing,2
results,13
fan,2
fao,1
hatching,2
fall,13
difference,2
condition,2
snip,1
braces,1
moines,2
norfolk,1
ohrv,3
mothers,1
louis,1
feidertown,1
list,21
applicable,2
grandfather,1
large,12
proposition,1
steakhouse,1
officers,3
consultant,2
small,35
sano,1
largo,5
panfishing,2
exemptions,6
askmdc,1
raptor,2
neighborhood,4
instagram,10
ukrainian,1
penalties,2
skin,1
cash,2
synergy,3
modal,2
zero,2
outfitter,4
design,13
enhancement,12
tarpon,2
pass,8
delivered,1
nba,2
podcasts,1
wmas,3
casual,4
ribbon,5
primer,2
sub,7
consumers,1
pinterest,10
deeply,1
section,10
ticks,3
anniversary,2
paddleboarding,1
fatbobbyk,2
version,4
companion,1
sup,1
certificates,12
authorized,3
srec,1
racing,1
public,81
contrast,1
movement,2
edited,1
full,3
dcr,3
tags,12
eligibility,2
ohvs,3
loose,1
answers,7
surfer,3
hours,16
ranger,4
operating,5
beachside,1
directions,5
november,2
strong,7
respect,1
legend,2
donatella,1
dining,4
search,67
colored,3
ahead,1
disclaimers,3
bluegills,7
compliance,12
allows,5
experience,3
fwc,9
contestssd,1
prior,1
supplements,2
advertising,1
pick,3
action,25
cookie,1
narrow,1
fwp,26
options,5
giveaway,1
towable,1
via,3
family,23
deals,7
sinkholes,2
put,5
vip,1
dvsjackal,1
appliances,2
toys,4
inorganic,2
armed,3
catagories,2
select,7
avalanches,2
mighty,1
literary,1
archived,6
mb,3
eye,2
takes,3
istockphotofishing,1
objectives,2
destination,3
petroleum,1
two,9
generate,1
resident,34
amenities,1
archives,4
taken,2
dmoz,1
injury,1
markets,6
entails,1
minor,9
wfn,1
immersion,2
staggering,1
company,4
alcova,1
emission,1
atlas,13
impulse,1
known,3
sanctuaries,1
hybridizing,1
mounted,1
producing,1
cach,1
town,1
hardware,1
none,10
hour,4
lynxville,1
science,8
des,2
coalition,1
dev,6
dew,1
guards,1
remain,2
nebraska,3
del,1
learn,48
seagull,2
dec,5
fryers,1
sorensen,1
history,27
immersed,1
purchases,1
shark,7
finland,1
prompt,1
challenging,1
impacts,2
division,40
courtesies,1
campsite,3
galleries,3
share,48
socal,1
states,9
loosing,1
downloading,1
protects,1
numbers,3
purchased,5
ave,1
pond,24
pong,1
swung,1
mayflies,1
species,158
hhm,3
terrestrial,1
information,123
needs,4
answer,1
court,1
stik,1
technology,5
breaking,2
peregrine,6
conserve,2
maps,59
strategy,1
unharmed,1
mention,1
freshly,1
motels,2
bit,1
bodyboards,1
idaho,9
guttenberg,1
plant,5
ft,2
plans,31
bags,4
pawleys,1
derived,2
mapping,9
corrections,2
catalog,1
plane,1
lighting,1
blood,2
softball,1
fi,1
ethics,2
prospecting,1
concentrating,2
response,1
wasteload,2
steroactive,1
demarest,1
organization,1
footer,3
register,16
overnight,5
coas,1
exhibited,1
perhaps,1
shore,1
barbs,3
waterfowl,14
mk,1
halibut,1
alphabet,2
banks,4
putting,1
rentals,8
geographic,3
egg,4
playing,3
srpskohrvatski,1
pans,1
help,34
reservoir,7
picnicking,1
september,13
totowa,1
mission,7
fabrics,2
trade,1
disabled,9
radar,3
thermal,1
embassy,1
committee,16
committed,2
pests,1
susceptible,2
picard,1
ebilling,1
sale,1
bosom,1
actually,1
late,4
resort,2
pac,1
systems,8
attractions,1
stephen,1
pipeline,1
argentina,1
margarita,1
might,3
flatheads,8
lookout,5
measurement,1
good,33
motivated,2
calm,1
seeking,2
food,11
components,1
fileroom,1
hunter,52
predator,4
habitats,7
permissible,2
weeds,4
foot,1
patchfish,1
landscapers,1
bigger,5
instructions,6
easily,3
hook,27
always,6
assemblies,2
kayaking,10
spinning,2
refresh,3
dress,2
fairs,1
courses,8
someone,1
piping,4
stopped,2
eager,1
mastercard,1
positions,5
found,9
trailer,6
referred,1
heavy,2
status,9
hendricks,1
england,1
weight,4
reference,7
house,18
fish,431
hard,3
reduce,3
suprised,1
internal,2
oil,9
connect,9
traveler,1
portland,1
beyond,4
backpacks,6
event,11
really,1
specials,1
initiatives,1
funding,15
rindlisbacher,2
poachers,4
tailgating,4
sharpest,2
since,1
pura,1
projected,1
research,29
participants,2
settle,1
health,22
msim,4
paradise,1
print,18
offline,1
evaluation,1
arctic,7
highway,2
reporting,22
bass,50
dirt,1
ios,2
friday,1
mmp,2
entertaining,1
labs,2
houses,2
qualify,1
basketball,5
algal,1
conditioning,1
members,25
basa,1
birding,5
horse,4
teach,1
ash,2
mma,1
algae,7
guest,2
director,1
owners,2
benefits,3
pagefishing,1
launch,4
leonardo,2
needing,2
published,1
noted,3
praise,1
american,4
leading,3
fallen,2
top,15
partnerships,4
feed,3
webcams,11
major,3
asktrout,1
prevent,1
number,8
preservation,5
linking,1
feet,16
done,1
elk,17
stormwater,6
fees,40
slower,2
roof,2
cups,1
rail,2
stripers,1
passes,3
guess,1
heads,1
temperature,21
jet,1
needed,3
nickerson,1
interact,1
coasts,4
eddy,1
least,4
paint,3
regulation,8
station,8
largemouths,2
storm,7
master,6
hundred,1
banana,1
store,25
gps,2
selling,3
statement,1
topwater,2
ebook,1
checklist,2
snags,2
park,84
cotrex,1
biomass,1
trapper,2
holidays,2
part,3
crop,3
kdwpt,6
translation,1
licensed,1
patches,1
king,1
kind,1
farming,1
imperiled,1
bag,3
exempt,7
grey,2
popularize,1
youth,24
minimize,1
express,2
prairie,8
marriage,1
travelks,1
outdoors,24
fishermen,9
asistencia,1
toward,1
dana,1
interactive,3
columbine,1
uniforms,2
baitfish,1
outstanding,2
honeymoon,2
ages,3
collars,1
delisted,2
roughly,1
download,8
garfield,1
wikidata,1
null,1
orders,2
vulnerable,1
option,1
sell,3
mountain,24
wilson,2
providers,3
built,2
depending,1
trip,14
imitations,2
client,2
also,31
costs,4
interconnection,1
finding,8
swellwatch,1
falconry,7
tool,3
transparent,1
relief,1
play,8
experienced,1
electric,7
permittees,2
customize,1
sets,4
salmon,12
quota,4
exempted,1
renourishment,1
experiences,3
plan,47
significant,1
services,33
seasons,38
submersed,1
approved,4
achievement,1
appear,1
archery,16
laboratories,2
dealers,9
arson,7
mobile,10
performances,1
clear,2
morse,1
cover,13
traditional,3
concessions,2
mammoth,2
bodies,7
clean,12
hindrance,2
northeastern,1
charged,1
tubes,2
bulletin,11
pesticide,3
joining,1
recruiter,1
golf,9
gold,2
cruises,2
commissions,6
dicaprio,2
hopper,1
accommodations,3
sleeves,1
designer,2
quicklinks,1
businesses,7
headlines,3
disclaimerfishing,1
fine,3
find,62
toputah,1
impact,2
cell,2
wraps,1
believe,2
copyright,5
profanity,1
justice,1
cities,3
less,5
pretty,1
barbecues,1
gills,3
armour,1
columns,1
harvested,1
legible,1
hit,1
distance,1
compiled,1
banned,1
hydrothermal,4
sunny,2
trees,8
cheaper,3
whistle,1
ferret,2
actions,8
compass,5
mchenry,1
reprint,2
emails,1
merchandise,3
massparks,1
catches,1
rfp,2
progressive,1
paddling,4
clinic,1
remove,5
preying,1
gloves,8
common,12
allocations,2
activity,13
switzerland,1
kill,2
peak,2
river,113
tourney,1
wrote,1
restaurants,4
seventeen,1
set,16
art,3
detail,2
mdwfp,1
throwing,5
tree,12
startup,1
var,1
culture,7
see,26
individual,13
migration,2
sea,20
protecting,4
close,35
contour,2
locals,2
barn,3
seminars,1
citiesrescued,1
captains,1
expert,1
visiting,2
chart,1
currently,4
please,24
hatcheries,23
degrading,1
smallest,1
various,2
probably,2
donate,9
numerous,2
android,2
available,12
korea,1
recently,8
missing,3
targeted,1
sold,1
javascript,2
incident,2
jetties,2
selectively,1
conservationist,1
distinguish,2
bibliography,1
drawings,2
napulitano,1
floats,3
league,2
periodically,2
feeling,1
last,6
license,160
movers,1
annual,17
previously,1
connection,1
landform,2
alot,3
pdf,8
rollers,1
zeiss,1
geolocation,1
flies,3
coastsweep,1
point,5
simple,8
composting,2
loan,3
recycling,11
milford,1
community,35
recreating,5
header,1
simply,1
village,4
vessel,7
throughout,9
cymraeg,1
chinook,3
expensive,1
decline,1
described,2
publishing,1
stamp,24
dams,5
create,9
texans,1
due,2
teacher,3
hitting,7
rivals,1
reduction,4
pa,2
ireland,1
boston,1
collected,1
swp,4
mepa,1
meeting,41
pm,1
firm,2
siting,12
lived,1
flight,3
squirrel,3
assorted,3
fire,20
workplan,2
wet,1
gas,18
gatherings,1
amphibians,7
fund,11
moderation,1
gal,1
lives,1
tpw,1
demand,1
prices,12
grills,1
wedding,5
instructor,8
plants,17
handline,1
handling,7
fur,3
look,8
solid,12
belly,1
straight,1
bill,1
patrol,1
budget,1
governor,3
receive,8
skiff,1
optimization,2
replaced,1
smart,4
behavior,2
aquatics,1
fun,5
fleet,1
biking,7
guide,55
pack,3
exclude,2
kingdom,1
lodges,5
underground,3
portugal,1
bowhunting,4
backing,2
motors,1
demos,1
reads,1
wildflowers,2
greenland,1
centennial,1
ready,2
rig,4
hydrostatic,2
paddlefish,5
copyrights,2
monroe,2
coolers,3
funny,4
italy,1
grant,18
gila,3
government,17
port,1
rules,71
firearms,2
widely,1
grand,2
products,14
eairservices,2
development,6
qualifier,1
used,16
fatty,1
warned,1
gain,2
bonus,5
comprehensive,8
yesterday,1
flows,1
alert,2
wineries,1
viewing,12
walmart,1
uses,1
user,5
contractors,5
wheelchairs,3
sandals,5
implement,1
recent,7
early,1
lower,25
loaner,3
database,4
anxious,1
poland,1
miss,1
abcde,2
activewear,1
hatchery,9
person,6
edge,1
seawall,1
rosters,1
direction,1
cedar,1
clearance,3
gsl,1
prevention,9
mon,6
abilities,1
cabins,3
mealworms,2
migratory,13
glitz,1
modular,4
ramshackle,1
competitive,3
oceana,1
belgium,1
anchoring,1
inlets,1
questions,13
using,27
love,5
taiwan,1
sidebar,2
wearable,1
spinners,3
timber,2
tables,2
cut,2
clark,2
providing,2
cup,1
advisers,1
workers,1
percent,2
advertisements,1
declined,1
contractor,4
source,6
causing,4
location,6
homeland,1
snap,1
input,2
phoneglobal,1
administrative,6
finder,4
harvesting,3
associations,1
complaint,2
australia,1
march,4
doors,1
emergency,3
big,35
bid,6
instructors,4
pricey,1
sightings,5
manatee,2
lockerfish,1
game,123
quest,1
wingdam,2
sockeye,1
rbca,2
ecosystems,6
emergence,1
msfish,1
wings,1
projects,36
helpful,1
hhms,2
ponds,16
rotate,2
vests,4
excluding,1
submission,1
toyota,1
glove,3
translates,1
chairs,1
eeo,1
continue,1
confinements,2
popular,3
tribes,4
marias,2
eea,6
sitemap,3
privately,1
google,8
parade,1
collectors,4
senate,2
spring,4
pals,1
youtubewyoming,1
back,66
bounce,2
nonpoint,2
trends,7
sponsorships,1
plumbers,1
serves,1
seatrout,1
mucous,1
newsletter,13
irresistible,1
duels,1
facing,1
gradually,2
contacts,12
pet,4
interaction,1
avoiding,2
shall,1
exceeding,1
notification,1
cast,7
tides,2
religion,1
wilderness,4
connecting,1
emmys,1
slash,1
bearings,1
prof,3
tech,3
sagebrush,3
measures,1
run,2
askcpw,1
booklet,2
jumps,1
palmer,1
lakes,36
rebates,1
subconscious,1
step,4
volleyballs,1
br,2
output,1
everyday,1
panhandle,1
islamorada,5
wealth,3
confluence,1
wildlife,283
goods,4
zip,1
piles,8
paramus,2
reduced,1
ido,1
range,10
dialog,2
sponsored,1
crawler,3
block,3
pollution,8
fleets,1
conserving,2
unsourced,2
clinton,2
colorado,5
hemingway,3
within,10
retailer,11
usa,1
crash,1
ridges,1
clack,1
mangrove,2
drifted,1
france,1
drought,12
risk,2
sightseeing,1
impressed,1
ontario,1
kiswahili,1
pundit,2
renewal,6
turcotte,1
exposed,1
question,2
borer,2
long,7
custom,1
vendors,9
window,1
handbook,4
heritage,5
forward,3
translate,1
sections,3
opens,4
promotions,1
interagency,5
furharvesting,2
abode,1
poster,2
registered,1
oils,1
vendor,6
thief,2
boys,1
link,7
library,13
reef,6
furharvester,2
russian,1
injection,1
reel,19
junior,7
posted,3
info,23
hair,2
drifters,1
guidebooks,3
sounds,2
declarations,1
us,87
stalking,1
planet,5
emailing,1
customers,1
swivel,1
observation,2
lobster,1
z,5
similar,121
called,2
possession,17
sometimes,1
constant,1
adults,2
corrective,2
expedition,2
defined,1
detectors,2
strand,2
accessibility,18
skeptical,1
single,5
brushy,2
reservoirs,10
palisades,8
chat,3
diving,6
organizational,2
modeling,4
hail,2
spearing,4
rainbow,2
rainy,1
codes,2
tacklebox,1
antlerless,2
grouper,1
peace,1
nan,1
occasional,2
application,29
dockets,2
definitely,1
recognition,3
savings,1
income,1
department,35
pesticides,3
nice,8
draw,13
elements,5
scrub,1
users,3
rabies,1
muskie,4
sided,1
kansas,11
problems,2
srpski,1
fished,8
regulations,195
entrance,1
bonding,2
restoration,27
allowing,1
snowcoaches,2
fishes,5
fisher,5
commentwelcome,1
desert,1
shorelines,3
ago,10
scouting,1
land,43
e,4
anything,3
wwpie,2
mailing,2
rescued,6
required,13
youtube,16
departments,1
sitefishing,1
depth,4
fresh,4
weights,2
came,2
memories,1
olofson,2
underrated,1
swifter,2
buffalo,1
rescues,1
bays,4
code,85
minors,1
leaded,2
hooks,10
secretary,1
struggles,1
gasoline,1
existing,1
illustrated,1
baby,1
farms,2
sanctuary,2
snowmobile,11
go,23
croix,1
westwood,1
humpback,1
contributions,3
centers,8
issues,3
compact,4
volleyball,1
biggest,1
slot,1
disposal,1
watering,1
young,3
send,2
languages,2
culinary,1
institutions,1
stable,1
quarterly,4
oceanfront,1
include,7
friendly,4
resources,99
ridemonkey,1
uploaded,1
pay,3
stocked,5
random,1
street,1
garden,5
logos,1
automotive,4
continues,2
manages,1
huddled,1
mous,1
spoon,1
facebook,27
trough,1
drinking,4
continued,1
categories,2
timely,1
entire,1
recreation,56
shiners,2
magic,1
respectful,1
harbor,2
experiencing,1
notes,3
dialed,1
wateree,1
fewer,3
try,20
car,3
massachusetts,30
optics,1
challenge,3
disclaimer,1
smaller,3
pledge,4
walon,1
educators,3
nags,1
springbrook,2
blitz,2
missionnjdep,1
boots,6
rivers,25
jump,1
video,24
believer,1
picked,4
licenses,88
byways,2
satrad,2
nests,2
click,29
index,12
power,3
deboning,1
chicago,1
dealer,5
falcons,2
harvests,1
multimedia,6
paddle,3
access,53
indian,2
poles,2
capital,2
relocate,1
tournaments,11
bird,27
body,3
lessons,1
inspect,1
shoreline,3
filings,1
exchange,1
got,2
commercial,37
researchers,2
cac,20
explore,13
seagrasses,1
let,7
others,10
consideration,2
seniors,1
parkway,1
extreme,2
great,45
engage,1
northern,9
sedimentation,2
technical,19
involved,10
larger,5
alaska,1
leaving,1
condos,1
neshap,2
survey,16
oversees,1
derby,3
opinion,3
residents,7
proof,3
makes,4
maui,1
showing,4
addresses,1
spills,2
danger,1
app,6
manage,1
dedicated,1
private,30
hardy,1
austria,1
aboard,1
crawdad,1
motor,7
sewers,2
apply,11
festivals,6
tools,18
cloud,1
bullhead,4
standing,1
use,71
fee,12
certificate,5
cougar,2
backlashing,1
illegal,6
hudson,2
theme,1
frog,7
next,18
laying,1
duplicate,4
ust,29
beaches,4
vehicle,11
eagles,4
means,3
stage,1
activesafe,1
start,7
transhipping,1
sort,4
floodplain,1
pfd,1
upcoming,6
apprentices,1
started,10
becomes,1
firehole,2
improve,4
wi,1
trail,13
cookware,1
appeal,2
prizes,3
rabbit,1
brochure,6
actual,1
harvest,29
resize,1
subscription,1
customer,15
account,7
balls,2
animals,10
mosquito,1
salad,1
f,10
hypothermia,2
ride,4
anywhere,3
publications,32
drill,1
gilded,1
cathodic,2
closing,4
campsites,2
disabilities,8
waterway,1
beginning,2
control,17
reserved,1
classifications,1
links,35
snacks,1
process,11
lock,8
monitoring,20
tax,5
pieces,2
high,3
drfa,1
tag,10
pulling,2
something,3
slip,1
bones,1
rods,10
texas,13
bullheads,1
investment,1
native,30
dwr,5
hesitate,1
educational,6
united,4
wyckoff,1
syndrome,2
cardio,1
six,1
differences,1
stewardship,10
hampshire,2
regions,11
located,3
need,7
winners,1
forest,26
animal,20
instead,2
aquaculture,2
buildings,1
endorsements,4
farm,5
waters,46
underway,2
collection,5
restrict,1
chiefs,1
idfg,3
afo,9
facility,3
structure,5
topfishing,2
tier,6
agendas,20
hawk,1
massdep,5
racks,1
nps,1
winter,14
bowfishing,1
chasing,2
light,8
subreddits,4
lines,2
mdar,3
poacher,4
allow,1
coyotes,1
volunteers,5
steve,1
honeymoons,2
houston,1
antelope,7
boxing,1
affiliates,2
minnow,1
policiesfishing,1
reserves,3
knowledgable,1
produced,1
tungsten,1
kinyarwanda,1
including,12
visitcasper,1
cruise,2
agricultural,11
parameters,1
toolbox,1
contaminated,2
perfect,2
underwater,2
outer,4
inlet,2
brian,1
wncn,13
varies,9
winning,1
age,12
linguistica,1
degrees,2
choose,4
dilemma,2
underpin,1
orange,2
hobby,1
derelict,2
criminal,3
elites,1
artisanal,1
freeman,1
crucial,2
kb,43
greater,5
python,1
dam,10
grande,3
versace,1
beads,1
lettings,2
damages,1
dock,11
dav,1
spikes,1
snake,3
mwfp,1
hands,7
satellites,2
impaired,4
investor,1
day,24
usgs,1
strive,1
articles,10
february,2
thrill,2
chronic,3
edit,5
scenic,3
university,2
nfl,2
identified,1
registrations,1
finned,1
unpredictable,1
slide,40
paddleboard,2
trap,2
invertebrates,6
pools,2
references,2
beneath,2
giving,1
commonwealth,3
recommend,4
utilities,6
tents,1
adventure,4
barnett,1
product,39
related,15
books,2
measure,1
throwable,1
patch,11
agriculture,3
special,44
explorer,1
category,5
butch,2
sovereign,3
entertainment,6
rigging,1
geop,1
valve,1
epizootic,1
messenger,1
evacuation,1
rec,4
electronics,4
goliath,1
supports,1
highs,4
red,3
lamp,1
loans,1
sinker,6
southern,3
withdrawal,1
mule,4
sustainable,4
coer,2
york,6
regulatory,4
ridge,1
afterward,1
viewer,1
certifications,1
organic,4
reeled,2
spill,2
dubbed,1
shimek,2
recipes,9
backwater,14
florida,13
times,8
intoxicated,2
length,2
askfwc,1
wading,1
stainless,1
barriers,2
biting,5
retail,1
austin,1
museum,3
south,6
unclaimed,1
domiciled,1
exam,1
alapark,1
relocation,4
bars,3
owned,1
strategic,7
informationfwc,1
improving,3
stinkbait,3
improvements,1
submit,6
guidebook,1
seashells,1
owner,2
dividing,2
quality,34
ingested,1
buoyed,1
destinations,5
legislative,4
bull,8
management,120
uninhabited,1
practitioners,1
privacy,24
festival,3
unknown,1
demonstration,3
sep,10
pots,1
system,22
relations,2
fells,1
thermostats,2
declines,1
rigs,10
perfectly,1
final,2
painful,1
interests,1
enforcement,47
gear,19
shorts,4
reopenings,4
academy,5
completed,5
shallow,4
studies,1
lists,3
slides,4
environmental,49
unsubscribe,1
constituent,2
july,5
wishlist,1
rss,3
hearings,4
ben,2
slack,2
suomi,2
geoff,1
bed,3
sweden,1
nwac,1
loves,2
borehole,2
naturally,1
rivervale,1
bet,1
descriptions,1
exhibit,3
hotspots,1
shoshone,1
lightly,1
ammunition,1
reminders,3
partnership,1
gently,2
comfortable,1
tide,2
discussions,1
crank,5
neef,1
striking,1
border,4
cecil,1
viewed,1
complete,6
screw,1
documents,5
toggle,5
pallot,1
dallas,1
sportfishing,1
mic,1
agency,7
able,4
mid,3
parks,50
pup,1
clamming,1
mix,1
concerns,2
usfish,1
financials,3
mille,7
techniques,2
brand,2
vegetation,20
accuracy,2
worldwide,1
unless,6
agenda,1
hazen,1
hub,1
ustfield,5
plugging,2
undercliff,2
courtesy,1
visa,1
connected,6
montane,3
device,3
nuisance,16
motocross,1
gallery,15
coordinator,1
lee,4
cleats,9
landscaping,1
liked,1
request,18
disease,15
looked,4
snapshot,1
databases,3
skinny,2
sd,2
shimano,5
fact,12
goals,7
backyard,1
selection,5
hoodies,4
updatespier,1
itunesfishing,1
violation,2
text,10
indoor,1
chickey,1
chapters,3
homeowner,1
shellfishing,2
bring,2
bikes,5
sweatshirts,4
greenhouse,2
chicken,3
determined,1
seal,1
pleased,1
staff,41
partners,8
promote,2
based,10
winaray,1
earned,1
jaw,1
developers,1
bug,1
jan,2
tape,1
combo,5
employee,1
riding,10
inhabit,2
local,33
interested,3
hope,2
move,6
handle,2
cuba,3
beat,3
displayed,1
photography,7
massacre,2
overall,4
bear,38
act,13
leashed,1
ranch,4
bead,1
striped,6
years,13
procedures,2
statutes,3
areas,51
crabs,1
gray,2
processes,1
committees,5
twice,2
denmark,1
taxes,1
calling,1
bassmaster,4
processed,1
wish,2
ohio,2
grab,2
fixed,1
generations,1
view,135
spotted,5
barbless,3
temporarily,2
constructing,1
smooth,2
national,31
watersheds,4
lamar,1
svenska,3
automatic,1
popup,4
subcommittee,2
enhanced,1
skateboarding,1
atlantic,4
occitan,1
disc,3
packed,3
shallows,2
closer,1
phases,2
wire,1
computer,1
record,16
pattern,1
complementary,1
ralph,2
migrations,1
tend,3
initially,1
state,145
identification,23
closed,9
limit,4
neither,1
flickr,4
linebacker,1
email,22
bought,11
ends,4
attention,1
ks,2
gfp,2
opening,10
pollinators,2
lynx,2
agencies,5
eastover,2
efficiency,11
job,4
joe,2
key,26
flats,2
police,9
precious,1
distribution,4
thank,1
greenways,1
restrictions,10
drum,16
limits,25
career,2
informational,2
taking,7
ramp,5
digital,2
presentations,1
trips,6
assure,1
moderators,2
citations,3
streams,23
nymph,2
swim,3
estimation,2
safely,1
jersey,7
wear,2
captioning,1
detailed,1
districts,4
relevant,2
agents,6
cc,1
invasive,46
tuesday,1
esopus,1
batavia,1
environments,1
walk,2
walt,1
subscribe,11
preparedness,1
taylor,1
crafted,1
carbon,3
table,2
acres,1
ct,1
chickadee,2
fishery,8
second,4
addition,1
fishers,13
hunters,3
trademark,1
broadcasts,1
genetic,1
permanent,4
slowly,3
agreements,2
reservations,8
indicators,1
hottest,1
waste,33
anomaly,1
universal,1
bbq,2
define,1
bras,2
atlases,1
diversity,7
stationed,1
moved,3
tap,1
releasing,2
protect,6
disney,1
controller,1
deep,18
angler,28
improved,1
atlanta,1
fellow,1
spain,1
volunteer,35
divisions,4
gwaltney,1
glossary,8
plain,7
nd,2
appearance,3
value,3
choices,2
harden,1
secrets,2
reliability,1
caving,1
expiration,1
wild,18
intranet,1
dad,1
ncaa,2
playgrounds,1
almost,2
site,28
linkedin,2
hillsdale,1
lust,16
pesca,1
lifetime,16
partner,2
selected,2
flagrantly,1
ohv,20
grayling,6
euskara,1
shooting,43
broke,1
newsroom,2
vintage,1
juan,1
administration,6
forceps,1
member,6
guns,1
parts,4
northwest,7
largest,1
inch,3
nonnative,7
terrorism,1
gets,2
solution,1
powell,1
covenant,2
ball,1
columbia,4
urls,1
solved,2
michiganfishing,1
promo,2
gaeilge,1
bald,10
upon,1
effect,1
outcast,1
forecasts,10
adirondack,1
recommendations,3
student,1
injures,1
pedal,6
whale,12
audramisuraca,2
swrr,3
tappan,1
disclosures,1
center,25
ota,1
lunch,1
whole,1
downloadable,1
contest,3
well,17
fighting,2
southeastern,1
thought,2
patterns,1
trokar,2
english,19
hazard,1
markings,1
audio,6
drawing,16
latest,9
reefs,5
restore,2
newest,1
heavily,2
moments,1
hybrid,4
emerald,2
myfwp,1
obtain,3
bunch,1
sources,5
batteries,3
fishing,891
casper,9
seats,1
dakota,8
biologist,4
skill,1
qualifications,6
transportation,6
web,7
lures,19
panther,1
residential,2
ghex,2
supply,8
logged,2
lake,52
discuss,1
spinner,2
anlgers,1
add,6
valid,6
extends,2
medialink,1
ada,4
nhbait,1
lookup,2
ski,1
whitlock,1
match,2
snowshoeing,4
disappearance,1
checking,1
biologists,1
utah,3
effortless,1
haul,1
historic,12
five,7
know,12
press,12
immediately,2
variants,1
crusher,1
pier,6
executive,3
necessary,1
like,17
success,10
miami,1
locksmiths,1
dictionaries,1
canyon,2
units,2
catchable,1
armani,1
lose,2
become,11
works,6
soft,2
page,36
italian,2
accessible,6
exceed,2
pumpout,1
habitat,46
underwent,1
twitter,21
searching,2
authority,2
tumblr,1
daylight,1
downside,1
choosing,1
grama,1
proper,3
home,185
employment,15
transport,8
cutters,1
harpoons,1
focused,1
shrub,3
lead,5
outfitters,6
archeology,2
delaware,3
hurricane,5
teaneck,1
wikivoyage,1
floor,1
cradle,1
keystone,1
alberton,2
smokers,1
bosses,1
sweepstakes,1
nmdgf,4
chains,1
leader,3
latestget,1
trout,113
locate,3
noise,1
workgroup,2
schedule,14
getfishing,1
rock,9
screen,1
scots,1
amazed,1
prohibited,3
waterlife,1
although,1
importation,1
pasta,1
insults,1
camsearch,1
slug,2
hiding,1
pike,8
sister,1
rare,2
boards,6
getting,5
freedom,1
chance,2
shipping,2
angeles,4
monthly,3
rodeo,1
sighting,1
scented,1
desktop,1
removable,3
swimming,7
owl,2
rendered,1
letters,2
coverage,2
crossbows,1
vegetated,2
travelers,3
backcountry,14
planners,2
washington,2
socks,1
prized,1
brands,2
guard,7
weather,14
brush,2
registration,37
quiet,2
mere,1
utility,1
mississippi,57
van,1
additional,15
exciting,1
noxious,6
transfer,6
housing,2
outline,1
apps,6
spots,4
kidding,2
spread,1
posters,4
mitigation,5
visitor,4
tippecanoe,1
unitization,2
notices,15
breeding,4
exposure,1
crabbing,3
rcc,2
catalina,1
buy,56
north,34
maintenance,1
cleghorn,1
bus,1
hazardous,6
fresher,1
hundreds,1
delivery,2
tutorials,2
wingshooting,2
construction,27
plague,1
njdep,1
courts,3
sheepshead,1
subdivision,3
highest,2
eat,5
versatile,2
count,1
challenges,1
made,6
cams,1
places,27
geocaching,10
ecosystem,2
official,1
recede,3
signed,1
mortality,1
placed,1
dmr,2
stories,25
leech,2
monument,1
cake,1
dmy,1
problem,5
piece,1
minutes,21
display,6
skating,2
begun,1
npdes,13
ozark,2
recognize,1
brochures,9
contribute,3
pid,1
massenergyinsight,1
ins,2
boardwalk,1
awaits,1
ambassadors,2
subtropical,1
sneak,1
education,160
pit,1
mcnenny,1
balcony,1
diego,2
diplomat,1
compared,1
relaxing,1
variety,8
swipe,1
hpp,1
boot,1
forests,3
virtual,1
cashes,1
forestry,9
ridgewood,1
book,7
happiest,1
details,6
branch,3
cutthroat,13
welcomes,1
mass,4
wing,1
unhooking,1
album,1
francisco,3
traumatic,1
towne,1
class,8
june,1
bundle,1
stay,12
apparel,12
ecological,6
friends,2
foia,2
searches,5
validation,4
breaks,2
yelp,9
blogs,1
huntingfishing,1
lasted,1
rule,2
original,1
eddies,1
hikes,7
portion,3
lift,1
rural,2
westfield,23
accidents,1
baked,1
