raining,1
yellow,17
four,5
woods,7
spiders,1
hanging,5
woody,2
payoff,1
chikahoki,3
looking,32
meadows,2
kennels,3
regional,57
dell,1
leisurely,6
bringing,3
disturb,2
basics,1
wooden,6
wednesday,1
iryna,1
hostels,1
tired,2
miller,1
second,7
snowshoers,2
melvil,1
maloney,1
errors,1
cooking,7
fingers,1
fossil,1
lgbt,1
affiliated,1
bothwell,1
kids,35
k,3
climbed,4
reports,11
military,6
golden,2
norsk,2
topography,1
divide,1
wikimedia,4
explained,2
replace,3
brought,6
radziwon,1
classifieds,3
unit,2
spoke,1
browse,4
music,10
passport,2
countryhiking,1
strike,1
relax,4
brings,2
hurt,1
labbie,1
hole,4
hunterdon,2
example,3
foodie,1
organized,21
caution,2
reviewing,1
want,36
preferably,1
provincial,2
cielo,1
travel,73
drying,1
damage,2
machine,1
hot,11
hop,4
xcelerated,1
gaming,1
beauty,3
envied,2
shores,1
wrong,3
types,7
effective,2
headquarters,8
fictional,1
tulip,1
wing,1
wind,5
wine,13
feedback,4
vary,1
jordi,1
rewarded,4
welcomes,1
fir,1
fit,4
directional,1
rankings,1
backpack,10
hidden,6
easier,10
wooded,2
effects,1
schools,2
ruchita,1
silver,1
structural,2
kevlar,1
grasslands,3
arrow,3
whim,1
snakes,1
series,12
spider,1
impossible,1
cathedral,6
truman,1
rt,1
rv,4
trending,5
bearclaw,1
encourage,1
ri,1
assured,1
encountering,1
checked,5
estimate,1
enormous,1
atm,1
ups,1
atv,2
tempting,1
crossings,1
necessity,1
channels,1
wash,1
cragsmoor,2
rhododendron,5
basketball,2
xie,1
service,25
cooling,2
needed,7
listed,5
bushwhacking,1
legs,1
listen,1
collapse,1
skyridge,4
trek,5
sycamore,1
tree,27
seminars,4
feeling,3
boston,1
paddles,2
ioved,1
shrubs,2
affairs,2
concrete,1
responsible,4
gripe,1
recommended,3
causing,1
responsibly,1
shall,2
object,1
wells,1
swiss,3
gallagher,1
letter,2
organization,4
preferences,1
grove,6
camp,9
memberships,2
came,14
saying,4
meetings,12
advisors,1
montauk,1
hawaiihiking,1
lessons,2
busy,3
lazing,1
itinerant,1
menu,20
mens,4
theme,1
rick,2
rich,2
greenbrook,2
lanai,1
pocket,2
dansk,3
mulong,1
mesquitey,1
patch,13
greene,1
peekskill,3
sauk,1
respond,2
mandatory,1
disaster,1
fair,2
pads,1
result,1
erika,1
fail,1
wappapello,1
best,74
oceania,1
lots,12
wikipedia,28
preserve,18
wage,1
men,1
parallels,1
extend,2
nature,65
souvenir,1
roller,1
planner,3
veer,1
reported,1
country,11
adventures,18
planned,3
login,4
asked,7
obscenity,1
vail,3
trickiest,1
canyon,19
lighthouse,2
eager,1
union,1
fri,10
twain,2
much,55
tallest,4
ann,1
dots,2
life,6
sydney,1
sawtooth,3
wish,3
dave,5
lift,8
chile,1
child,5
chili,1
commerce,3
contingencies,1
remembering,1
canoeing,2
played,1
riparian,1
specter,1
memorial,7
emergency,3
things,29
damages,1
european,1
fairly,7
tops,1
photographers,2
wimmer,1
echoed,1
corporate,2
appropriately,1
disguise,1
rushing,1
previous,5
enters,1
woodstock,3
neurobiological,1
collections,4
easy,41
prison,2
east,19
hat,2
elevation,7
survival,4
possible,9
possibly,2
birth,1
unique,4
occurring,2
desire,1
seaside,1
steps,15
beneficial,1
right,67
old,37
jackets,2
people,56
czech,1
santiago,1
parther,4
multiple,10
botton,1
bottom,7
yorks,1
dental,5
losing,3
manufacturing,1
benches,3
filipino,1
inessa,1
repellent,5
stoked,1
slightly,2
raised,1
statements,3
facility,1
honeymoon,2
son,7
magazines,2
tami,1
frazzled,1
panorama,1
altitude,7
knowing,1
happy,10
offer,2
forming,1
notifications,1
otter,3
congratulations,1
genealogy,1
inside,6
polski,2
passenger,1
later,2
tournament,1
proves,1
exist,1
snowmobiling,1
megamenu,4
supporters,1
glacier,6
republic,2
buncombe,1
developers,5
smell,3
yellowstone,3
rolling,1
coastlines,1
time,75
push,2
childs,1
corps,4
theaters,2
skate,1
skiing,3
chair,1
machu,4
uneven,1
crater,11
olympus,1
choice,5
lrt,6
stays,1
room,7
epic,1
tear,1
leave,24
settle,2
teal,1
team,2
prevent,4
meadow,2
trails,181
sign,50
erotic,1
elton,1
melt,1
current,9
falling,2
ground,4
banya,1
climbs,11
vanderbilt,1
address,14
alone,7
along,48
dusty,1
wherever,2
smokies,4
nowhere,1
ipa,1
love,34
stockton,2
prefer,2
working,1
angry,1
opposed,1
wondering,4
scope,1
introducing,1
subsistence,2
tundra,3
minnows,4
visual,4
instagramnavigate,1
riders,2
wool,1
anything,6
originally,1
paramus,1
printing,1
following,17
qhapaq,1
multisport,2
frogs,1
awesome,27
parachute,2
allowed,6
agendas,2
winter,30
richerich,3
vancouver,1
elephant,1
optimal,1
explores,1
explorer,5
spot,23
improving,2
data,4
stress,1
surfing,3
natural,25
varieties,1
wheelchair,1
st,3
definitions,2
sf,1
kona,1
kong,1
course,2
avid,1
thumb,2
jim,5
attraction,2
celebrate,5
tory,1
instantly,1
keerthana,1
civilian,3
motorcoach,1
indigenous,1
records,1
subscribers,1
runners,2
plunk,1
quarter,1
square,1
sponsor,2
entering,1
container,1
abide,1
seriously,3
gunnison,2
suggesting,2
complicates,1
stissing,1
incentives,1
possibility,1
quite,8
recordings,4
besides,2
mimi,1
training,5
massive,2
routes,4
saving,1
clause,1
one,135
reopen,1
spanish,2
open,29
clauss,1
city,28
boulevard,1
bite,1
waist,1
indicate,2
structures,1
cite,5
ashby,1
artifact,1
babler,1
fooled,1
boyfriend,1
iceberg,1
yelping,1
future,2
trekking,13
wandering,1
scuba,4
san,40
sam,3
sal,1
turned,9
afternoons,1
alley,1
sad,1
say,23
rained,1
saw,18
sat,9
nebo,1
hapapa,1
unsuitable,1
somethings,2
zoo,2
note,5
flossing,1
take,91
roadside,2
atop,1
butterfly,1
opposite,1
knew,3
printed,1
inserted,1
pages,12
byway,1
average,1
sale,16
ways,4
salt,3
laws,8
walking,27
aggressive,1
imagined,1
slow,4
geotourism,1
tears,1
slog,2
hockey,2
amulence,1
carolina,2
beatles,1
vagrancy,3
freezing,1
inuit,1
southside,1
kellie,4
resource,8
settings,1
worried,1
tiki,1
skyline,3
roger,1
pima,1
erica,2
dives,1
harvey,1
sites,21
sponsorship,1
bureau,4
testimonials,3
teens,6
jobs,8
vertical,2
screen,1
dome,5
clayton,1
concentrate,1
spare,2
manu,2
avoid,14
many,35
doodletown,1
touron,1
twin,5
boat,6
combines,2
stretch,2
west,19
locally,2
vacation,16
breath,2
practised,1
wants,3
enable,2
thousand,1
photos,20
observe,1
squeezer,1
policies,7
newspaper,1
situation,1
ive,2
chat,1
technology,2
ivy,3
ohulehule,1
threatens,2
workout,3
sterling,1
nightclubs,1
singapore,1
defy,1
arden,2
wandern,1
edges,1
awesomeness,1
driftwood,2
summer,26
barbecues,1
rest,10
disperse,1
weekly,9
haystack,1
competitiveness,1
obermeyer,1
skies,1
zion,6
around,63
squamish,16
dark,10
traffic,1
world,25
snare,1
bowdoin,1
fossils,2
stationary,1
koester,1
diving,3
thinks,1
memories,3
tollutah,1
exit,4
francois,1
situate,1
restoring,1
motoring,1
power,2
iconic,2
leadership,1
stone,4
retraced,1
package,4
industry,3
favorite,19
meal,1
neighbor,1
act,4
mean,2
stony,5
image,1
apologize,1
hey,5
slopes,1
lang,1
complete,6
mammals,4
manistee,1
lane,2
sephiking,1
survived,1
cords,1
buying,2
pull,3
rush,2
october,17
dirty,2
agree,3
darker,1
detailed,7
gone,6
carver,2
ad,1
certain,3
ak,1
al,2
walks,4
tranquil,1
cream,1
collie,1
yoga,3
yogi,1
tight,1
summit,30
puppy,1
passerby,1
congress,1
terre,1
gifts,1
planners,2
imminently,1
tricky,1
tricks,3
mask,1
cultureseekers,1
original,2
minister,1
consider,6
caused,1
tours,22
reasoning,1
bassett,2
hunting,7
tp,4
spirit,1
nora,1
incan,1
smile,1
homepage,2
norm,4
paying,4
returned,2
wordcentral,1
interpreting,1
elena,3
condition,1
enjoyable,2
cable,3
joined,1
large,17
dinosaur,1
sand,1
swirling,2
small,35
heise,3
healed,1
past,12
pass,28
situated,1
crests,1
richard,4
poisonous,2
paddleboarding,1
leia,15
method,2
full,11
hours,21
carpinteria,1
mckenzie,1
november,4
shops,8
riviera,1
experience,20
prior,1
pick,4
action,1
sweetness,2
via,5
followed,9
puncheons,2
rattlesnakes,3
select,2
archived,2
petroleum,3
pearl,1
gorgeous,5
ellicott,1
blaze,3
door,4
mobilehiking,1
company,7
nomad,3
emailing,1
waimano,1
keeping,2
socials,2
science,14
mall,2
resources,19
learn,20
scramble,9
barclay,1
beautiful,43
prompt,1
impacts,4
stated,1
campsite,7
suggestions,3
staten,7
autumn,1
sense,9
dress,3
hits,1
huge,10
thumbs,1
dismisses,1
creature,1
plant,1
plans,3
brett,2
treatments,1
plane,1
imagery,1
register,5
fundamental,1
geographic,1
patio,1
mexican,3
pant,1
trade,3
resorts,9
paper,2
scott,3
brim,1
signs,7
schoolhouse,1
roots,1
buttercup,1
laces,4
bummer,1
isaac,1
travelling,4
skipped,1
entire,9
respectful,1
always,15
courses,2
found,18
lantern,1
week,7
safaris,3
reduce,1
doses,1
really,38
galego,1
canopus,1
missed,5
research,9
highway,2
bitten,1
outfitter,1
outfitted,1
imagine,5
birding,3
rises,3
plowing,1
driven,1
owners,4
w,4
castle,5
hyderabad,1
major,7
slipped,1
number,9
florist,1
differ,1
heads,5
guest,6
jet,2
benedict,1
swipe,1
relationship,3
immediate,2
appreciation,3
consult,1
stairs,5
getaway,2
pennsylvania,1
determined,1
marriage,1
mossy,1
pedestrian,1
antarctica,3
also,54
internal,1
waimalu,1
brace,10
play,4
brooklyn,2
plan,35
sometimes,6
cover,12
barred,1
exp,1
gabe,4
bulletin,4
golf,6
gold,2
accommodations,3
trailhead,14
impact,3
condos,2
giants,2
adventurers,1
sunny,1
pagehiking,1
preparing,2
compass,6
rfp,1
sleeve,1
paddling,3
cry,2
obscure,1
river,44
approaching,2
insane,1
set,5
sep,87
appalachian,14
sex,4
cuyahoga,3
wandelen,1
see,117
manged,1
geologic,2
contour,1
project,9
spirits,1
movie,1
currently,1
perilous,2
compliment,1
europe,6
javascript,1
incident,1
last,41
feminist,1
connection,3
pdf,8
whole,10
load,2
geolocation,1
bell,1
community,17
hollow,1
agents,3
church,1
belt,4
monthly,9
tarajean,1
hitting,1
citations,1
mindset,1
resting,1
fire,24
great,112
amphibians,2
moderation,1
sleeves,1
firt,1
towns,1
firs,1
straight,15
budget,4
receive,4
mesner,1
leaning,1
secluded,2
hoping,5
bearfort,1
dotting,2
dabney,1
centennial,4
triple,2
chase,5
funny,14
bollinger,1
doozy,1
barbecuing,1
shorter,2
rules,7
commune,1
flooded,1
comprehensive,1
viewing,4
levels,2
nouns,2
sepcloster,1
infamous,1
recent,11
picks,2
hatchery,1
person,8
kelly,2
tim,5
soaked,1
cabins,6
cuffs,1
readers,1
rebecca,3
admission,1
pillars,1
rangers,5
parents,2
location,9
crying,1
input,1
surprised,1
putnam,1
australia,1
ozarks,1
format,1
couple,15
projects,9
formal,2
marquee,1
spine,1
continue,15
bodlodroid,3
methods,5
senate,1
spring,31
pali,5
sponsorships,1
palm,1
sight,3
curious,2
religion,1
rehabilitating,2
dating,2
temple,1
bc,1
bo,1
hillwalking,1
departures,2
santa,45
relating,2
drinkware,2
wildlife,29
deserved,2
deserves,1
mouth,2
repair,1
colorado,3
garbage,1
appropriate,2
troubleshooting,2
volcan,2
katie,1
anasyrma,1
tasting,3
exposed,2
submit,4
spas,12
rhetorical,1
opens,6
elsewhere,2
inches,1
relaxed,2
link,16
line,14
heinrich,1
posted,1
us,89
ur,1
cams,1
uk,1
ua,1
storing,1
defined,2
diverse,4
palisades,8
midwood,1
nautical,1
retrace,4
occasional,1
points,2
coded,1
scrub,1
shenandoah,5
ferries,2
ago,5
tailored,2
land,6
age,2
walked,5
sawyer,1
beverage,1
dover,1
hello,2
code,3
partial,6
advisory,4
results,5
existing,1
illustrated,1
toggle,8
legal,4
danner,9
centers,12
seemed,3
turkish,1
concerned,2
young,5
send,1
oceanfront,1
subscription,3
sent,1
garden,7
continues,4
reopened,1
llama,2
mixing,1
continued,3
minerals,1
categories,7
northwestern,1
magic,1
harbor,5
try,24
race,2
ferncliff,1
rack,1
petroglyphs,1
video,18
haiku,3
licenses,1
index,2
waning,1
multimedia,8
prompts,1
indian,15
flowing,3
bird,3
thin,4
scenery,9
proliferation,1
lee,8
leg,1
leo,2
let,34
physiology,1
yorkyosemite,1
biodiversity,1
technical,1
involved,8
eastside,1
casino,2
survey,2
opinion,6
residents,2
makes,7
maker,1
involves,2
thats,1
holmes,1
altho,1
slogging,1
catskill,7
sienna,1
refugio,1
dumbest,1
nibbling,1
tools,14
confidence,2
exciting,1
excursions,3
zip,1
next,39
doubt,2
tahoe,3
turnoff,3
redlinks,3
carrying,6
baby,9
montecito,5
taconic,17
animals,14
challenge,2
emerson,1
publications,1
campsites,5
scatter,2
slip,2
process,1
rode,1
pieces,1
high,23
bend,4
woodlands,1
educational,5
yuliya,1
delay,1
animal,3
kazimiroff,1
oz,1
cristal,1
await,1
fits,1
hawk,1
nps,9
realized,4
huachuca,1
nancy,1
classy,1
volunteers,1
houston,1
insight,1
lullwater,1
swain,2
directs,1
underhill,3
perfect,7
dispose,1
degrees,1
elites,1
outlined,1
mudstone,1
snake,5
legendary,1
traverses,1
spilling,1
installment,1
scenic,27
truth,3
persin,1
sitemap,3
beginner,1
tents,1
society,3
books,5
thirteen,1
bag,8
boutique,1
slickrock,2
temps,1
surely,1
scary,3
hunks,1
could,27
david,1
length,7
lanikai,2
davis,1
kendall,1
pines,2
hazards,6
touring,4
owned,1
owner,2
pryor,1
fascinating,2
start,12
festival,7
system,14
hawn,1
evacuated,1
enforcement,7
vigorous,2
stars,2
quarry,1
shorts,3
bodyweight,1
steel,2
bother,1
roberts,1
agate,3
steep,31
agata,1
muir,1
gently,4
pelton,1
correspond,1
tonight,2
gentle,5
defending,1
clearly,5
viewed,1
rillito,1
necessities,2
documents,4
soak,2
mills,3
linda,3
accuracy,1
worldwide,2
allow,5
visa,1
manoa,5
device,3
keyring,4
face,9
brew,1
painting,1
fact,4
hoodies,2
freshkills,1
bring,11
bikes,2
rough,3
brink,2
jay,12
ruffed,1
buttons,1
planted,1
tape,3
riding,14
hope,50
meant,3
move,6
listened,1
familiar,1
lucky,7
autos,1
steepness,1
committees,2
h,3
stuff,2
officiants,1
motorcycle,2
guessing,1
edition,1
packed,3
nuclear,1
legalize,1
email,26
ends,3
butts,1
butte,1
ramp,3
drug,1
figures,1
co,3
author,1
ca,4
snowfall,1
crafted,1
cs,1
labor,4
midland,1
gondola,2
poured,1
hottest,1
waste,5
trinity,3
crisscross,1
accident,1
atlanta,1
spain,5
coals,1
podcasts,2
dude,1
cvb,1
va,1
playgrounds,3
ripe,1
lush,2
surprisingly,1
heating,1
hardware,1
vs,3
auxilliary,1
conserve,1
juan,28
matthew,2
carsick,1
balm,1
columbia,3
raymond,1
wisest,1
upon,2
cafeterias,1
padres,4
middlesex,3
identity,1
dock,4
shacks,1
indonesia,1
patterns,2
newest,2
less,16
moments,2
footbridge,2
rooms,3
paul,4
web,8
bibliography,6
wed,8
bucksaw,1
wet,10
eateries,1
piei,1
checking,3
archeological,2
rubin,1
smithsonian,1
cruz,2
cedar,7
desk,3
belgium,1
tick,1
seatac,1
crisp,3
finnish,2
become,9
paragliding,3
replacement,1
habitat,1
shuttling,1
daylight,1
transport,4
andrzejem,1
literally,1
leveraged,1
slipping,1
forgiven,1
haikingu,1
blowing,1
schedule,2
invertebrates,2
pressure,1
mantz,1
gained,1
sister,1
lifestyle,9
outdooraholics,1
angeles,3
seeds,1
concession,1
swimming,5
alliance,1
cades,3
backcountry,16
gastronomy,1
roads,3
housing,1
spots,5
crabbing,1
naturally,2
cosmopolitan,1
construction,3
basin,5
count,6
places,26
official,9
placed,3
intangible,1
monument,10
problem,5
bearing,1
recognize,1
contribute,1
rubble,1
slowing,1
weston,1
inn,2
ink,1
compared,2
variety,4
trials,2
forests,6
details,10
behold,1
rebelled,1
frisbee,1
monday,1
apparel,1
chance,12
repeal,2
inspiration,3
ghost,3
danit,1
rural,3
gardens,5
wetlands,3
saves,1
controversial,1
mansion,2
oldest,2
saved,1
worked,2
etymology,2
bike,4
voted,8
booties,1
worth,19
geology,4
blanket,2
upload,5
casinos,1
deutsch,6
phones,1
follow,35
machines,1
established,2
giardia,1
clocked,1
glaciers,1
churches,1
stawamus,3
told,7
protection,2
celebration,3
kudos,1
daughter,5
items,5
smoky,4
alander,28
anarchist,1
otters,1
juans,3
whitewater,4
highly,8
archaeological,1
opportunities,17
glance,1
total,17
gallatin,3
sarah,1
devastation,1
palestinian,2
chooses,1
lyme,3
separated,1
giovanni,1
haha,1
award,1
aware,2
blocking,1
authentically,1
word,5
permits,7
work,26
eclipse,4
worn,1
boyce,1
tinder,1
longbow,1
indicated,1
bennett,1
maratanza,5
blackwells,2
provide,11
verify,1
nuts,1
interview,1
ordinary,2
beach,22
taverns,1
pizza,1
fever,3
doable,2
ladder,1
lgbtq,3
hong,1
lab,1
ungewitter,1
law,5
arch,6
appreciate,1
green,14
ambulance,1
order,8
office,2
satisfied,1
japan,1
somewhere,2
highlights,7
recreational,3
denver,3
interpretive,6
eventually,6
coffee,1
safe,8
scene,1
break,3
bank,2
rocky,16
ascends,3
l,1
rocks,26
anastasia,1
bells,3
carlos,1
jillian,1
dumping,1
sled,6
logo,6
flock,1
hostel,1
network,7
forty,1
daniel,1
ramapo,5
forth,2
barrier,1
enlightened,1
created,3
installs,1
mohonky,1
renew,3
footsteps,1
another,18
thick,1
electronic,2
suunto,1
rated,2
wakeley,1
approximately,4
plentiful,1
rates,2
flagpole,5
john,7
dogs,16
townhouses,1
guidelines,2
honolulu,2
hike,262
scenes,6
historical,5
tackled,1
solely,1
respecting,1
navigate,6
terjanian,1
contents,9
forced,1
finagle,1
insulated,3
poamoho,1
bruce,2
filmfest,1
extending,1
germany,1
exercises,1
conquistadores,1
grave,1
neighborhoods,1
newcomers,1
reserve,19
enjoyed,15
guidance,1
schunemunk,1
adequate,1
uncountable,1
de,6
dc,1
nasty,1
runs,6
montezuma,1
reintroducing,1
idioma,1
rehydration,1
inns,6
dillard,1
septen,1
checks,1
waldron,1
cattle,3
discussions,1
chihuahuan,1
dellenbaugh,1
draws,1
away,7
caved,1
overgrown,2
unable,1
grottos,1
caves,27
encounters,1
shields,1
terms,10
wa,1
handful,1
organizationhiking,1
clues,2
packages,2
climate,9
cow,1
exceeds,2
requests,1
tough,5
toni,1
meisel,1
tons,2
onondaga,1
tony,2
smith,5
buffets,1
partnership,4
families,5
beloved,2
concerning,1
catering,2
fest,1
hoist,1
fahnestock,1
air,8
rattlers,2
gnd,1
applies,2
aid,4
property,3
mistake,1
ituneshike,1
straits,1
cone,1
viewhiking,2
confirmed,3
descent,3
secaucus,1
descend,3
avoids,1
commercehiking,1
wheel,1
rail,4
rain,10
hand,5
pubs,2
mountainous,1
producers,1
patagonia,4
raritan,1
vermont,2
kept,8
hopping,1
thu,7
dallas,1
wakonda,1
hispanic,1
contact,58
hypermobility,1
camps,1
photo,27
newton,1
minke,1
farther,4
victim,1
bookmarked,1
sattvic,3
josh,1
advisories,2
board,10
photographed,1
manohar,1
boxes,1
injuring,1
topfreedom,1
eroded,2
grizzly,2
night,5
starvation,2
kearney,2
antique,1
portuguese,2
born,1
humor,1
comments,25
filming,3
asking,2
wineries,4
drink,11
pls,1
marketing,6
angering,1
post,15
newspapers,1
months,2
considerations,2
indecency,1
akiva,1
bound,2
crags,1
balanced,1
stumble,1
creek,36
shuttles,1
legislation,1
conservation,11
way,85
war,2
lowest,1
snowy,1
becoming,4
peninsula,1
true,1
reset,2
crystal,6
mtn,1
winery,1
mtb,2
emotional,1
rialto,1
gather,1
nudity,20
vwr,3
expertise,2
archive,5
physical,7
caminhada,1
handmade,2
interested,2
holding,1
test,2
tess,1
irma,1
welcome,6
notepad,1
update,5
enthused,2
detox,2
cheated,1
interval,1
together,5
songs,2
switched,1
dance,1
global,3
horseback,12
switches,1
battle,3
layers,4
flash,1
gigs,1
gigi,1
brown,9
zhang,1
vegan,1
baird,1
entries,1
blast,1
gnarly,1
altering,1
turns,2
steeply,4
gun,1
reember,1
p,1
guy,4
upper,2
legalized,1
regret,1
discover,6
cost,1
appear,1
supporter,2
oaks,3
satisfy,1
unsure,1
gorge,12
roaring,3
appears,2
change,10
buck,2
condoms,1
flames,1
mohonk,9
franklin,4
lighthouses,2
regardless,1
hiking,351
extra,10
marked,13
italiano,6
uphill,7
marker,2
rarely,1
market,3
provo,3
territories,2
live,10
rainfall,1
commissioner,1
towers,5
envelope,1
clue,1
jag,3
organizations,4
slogan,1
car,5
cap,2
eastsound,1
cat,11
hardest,2
cab,2
heart,3
dedicated,1
grassy,1
topic,1
heard,3
refine,2
spa,6
waiau,1
clothing,22
occur,1
discussion,4
sandstone,2
write,5
checklists,4
product,4
dive,2
southern,6
placido,1
goal,2
remember,2
whenever,9
benny,1
corona,3
rather,5
kurt,1
typical,1
indeed,2
displayed,1
wildfires,1
ended,8
cold,19
still,29
birds,10
rozmowa,1
selves,1
forms,2
window,1
artisan,1
norway,1
non,1
introduce,1
half,7
nov,5
hall,2
january,4
drop,5
itunesenglewood,1
intrigued,1
denmark,1
entirely,1
cliffs,18
concerts,3
el,2
domain,1
en,2
prompted,2
cairn,3
directing,1
snapshots,2
fires,3
year,23
happen,1
album,1
shown,2
space,5
increase,2
opener,1
navigating,1
charlotteobserver,2
shows,4
cars,5
cart,1
meetups,7
marine,1
card,1
care,8
nonprofit,2
support,16
blind,2
tennis,4
demott,2
indecent,1
directly,6
xs,1
drove,1
tomorrow,2
size,3
sheer,2
sheet,1
bookmark,1
caught,4
weekdays,1
friend,10
nutrition,1
mostly,4
expanse,1
baja,1
flowers,2
greenwood,16
television,2
rugged,6
accordance,1
ninham,1
susan,1
warningshiking,1
accessed,2
browser,1
angel,1
remained,1
correction,1
breakfast,3
slab,1
offering,2
equipment,28
nuances,1
online,9
begin,8
price,3
whichever,1
america,12
michelle,3
sprinting,1
steady,3
sunset,3
professional,4
typically,1
hairpin,2
discovered,7
maine,2
fifth,2
geography,1
snack,2
title,2
sierra,4
interstate,6
truly,2
cannot,4
moxie,1
stroll,8
seens,1
amanda,2
husband,3
concert,1
sport,2
concern,1
tackling,2
orthotic,1
notice,9
article,14
bodega,2
nile,3
comes,3
nearby,6
overview,5
dispatch,1
learning,8
newcombe,1
sledding,2
cycling,5
cares,1
informed,1
tropical,2
longreads,1
external,7
ruby,1
countless,1
botanic,2
adirondacks,7
footermenu,1
coolest,1
soil,1
metric,1
beaver,1
stickers,2
floating,1
worry,4
media,13
streams,3
document,1
finish,1
closest,1
vista,5
investigates,1
favorites,1
alligators,1
inititially,1
theater,3
alfresco,1
breeze,1
poplar,1
otherwise,2
charged,1
taxi,2
knowledgeable,1
topos,1
valuable,1
restrooms,1
sweeping,3
touch,3
speed,3
death,1
sheldon,1
thinking,12
landscapers,1
real,12
spectacular,5
read,17
ruler,1
early,13
overlooks,2
politely,1
using,19
lady,1
pst,2
dislodged,1
pounds,1
veering,1
apartments,1
tryon,1
exposes,1
oakland,2
eielson,3
forks,1
foxhollow,1
hustle,2
business,32
strained,1
leftover,1
francis,1
throw,3
central,11
wolf,1
involvement,2
operator,1
log,11
prepare,4
area,70
loj,3
removing,2
lol,1
los,7
low,13
lot,30
sepamerican,1
shower,2
cibecue,3
ruckman,8
delayed,1
cottage,1
pitched,1
trying,9
feather,2
hire,2
scanner,1
describe,2
moved,1
sales,2
sheath,1
nerd,1
storage,1
foothills,3
gaining,1
suites,1
treks,1
nederlands,4
peak,7
pool,1
building,7
signalling,1
surrounded,1
pointing,5
splitting,2
month,7
thoughtful,3
handball,1
customary,1
religious,1
referring,1
insulate,1
daniella,1
hyperthermia,1
divisions,1
superglue,1
mph,1
verb,5
decide,7
louis,2
mild,1
random,5
instagram,14
enhancement,1
pretentious,1
casual,11
darkness,1
witnessed,1
protractor,1
timeline,1
edited,5
answers,1
acadia,3
targhee,1
ahead,5
disclaimers,5
exceptionally,1
amount,2
advertising,7
cathy,3
uniquely,1
biodegradable,2
family,32
requiring,2
put,5
aimed,1
chunks,3
takes,17
contains,3
warway,1
taken,8
injury,2
site,42
excuse,1
gaviota,2
grill,1
nine,2
vt,1
history,35
triads,1
bffs,1
prose,2
phrase,1
species,5
kahana,2
ledges,9
jihadi,1
stayed,2
dalzell,1
fr,1
ft,5
tried,8
jarrett,1
scouts,1
sneak,1
fd,1
fe,3
roundtrip,3
overnight,6
anytime,1
negligible,2
crafts,1
dream,1
remnants,1
help,38
soon,2
held,1
thermal,1
cardiovascular,1
monthlybreakneck,1
actually,14
founders,1
gymnosophical,1
cee,1
evening,10
nestled,1
food,27
demographics,1
terrain,11
foot,9
towering,3
occasions,1
kayaking,15
stopped,4
predators,1
die,1
heavy,4
blank,1
democrat,2
beyond,16
event,16
specials,2
vertigo,3
robert,13
since,15
douglas,2
safety,12
issue,2
expansive,2
bald,1
dirt,7
neutrally,1
pub,1
houses,2
reason,5
base,5
ask,6
earliest,1
bash,1
revolutionary,1
launch,3
terrible,1
american,19
daisy,1
partnerships,3
picnicking,2
mahon,1
knocking,2
rails,1
nyebone,1
miss,9
maple,1
occurrence,1
horse,4
deanna,2
station,11
gibraltar,2
hundred,2
selling,1
storm,11
jamie,1
jordan,1
signaling,3
authors,1
itunesaspen,1
translation,5
ecotourism,3
viewprovo,1
grocery,2
millipedes,2
bluejay,1
bride,1
toward,9
enmoderate,1
charlotte,1
alongside,1
kara,1
mauka,1
lil,1
tourisms,4
flaming,1
scotland,1
lip,1
liz,1
club,14
towards,13
kai,1
kilimanjaro,3
experiences,9
position,2
sturdy,2
mobile,7
clear,10
snapping,2
creeks,3
clean,8
celebrities,1
registers,1
albums,1
northern,4
duncan,1
justice,2
striptease,1
wilkenson,1
flights,1
pretty,26
darwin,1
porcupine,3
fording,1
waterproof,3
trees,11
famous,2
feels,7
koolaus,1
competing,1
immerse,1
pershing,1
stc,1
gloves,2
withdrawal,1
switzerland,1
x,10
courteous,2
throwing,1
culture,16
descriptions,3
kiran,1
close,24
locals,3
aqueduct,2
pictures,23
kalalau,1
woo,1
probably,24
conditions,15
pictured,2
notoriously,1
missing,3
craters,2
spray,2
abruptly,1
league,1
garrison,1
lccn,1
sensitive,1
enchantments,3
buzz,1
experimental,2
liked,1
headed,4
battery,1
whatever,1
climbers,3
cymraeg,1
described,1
karla,1
add,8
luray,1
territory,1
empty,1
lived,1
packs,1
liven,1
else,9
moenkopi,1
grills,1
look,21
booklets,1
rope,2
pace,4
fleet,1
biking,23
guide,44
loop,66
pack,13
tripwire,1
voters,4
breweries,6
embroidered,1
reads,1
wildflowers,9
ready,6
salons,2
shaw,1
anymore,1
grant,3
government,3
telemark,1
grand,9
conflict,2
used,16
temporary,2
uses,1
stashes,1
older,7
studies,1
poland,3
cherokee,1
cleary,2
five,11
ambassador,1
cave,6
linville,3
taiwan,1
password,1
cemetery,2
shortcut,1
march,2
lacking,1
showing,3
game,2
ecosystems,4
wings,2
oncoming,1
sleigh,1
creation,1
metres,1
urgent,2
trends,2
economic,2
plumbers,1
delivered,2
civilization,1
eating,9
tabor,1
fresco,2
lakes,13
step,22
viewpoints,2
abroad,1
tracing,1
ido,1
askreddit,1
bridle,1
block,1
miracles,1
seeing,6
caretaker,1
within,8
heritage,10
registered,6
specialty,1
properly,2
segregation,1
reef,4
russian,2
info,22
vacancies,2
fdr,1
similar,6
uber,2
inch,1
adults,1
mindful,1
accessibility,11
amphitheater,1
osdal,1
cotton,1
anthology,2
amounts,2
sheddable,1
nan,1
application,3
forgo,1
department,9
uneek,2
manhattan,2
draw,1
crouching,1
kansas,1
visits,1
william,4
oregon,1
reservation,9
restrained,1
shorelines,1
e,7
stasiukiem,1
outing,1
youtube,9
ilsley,1
bleached,1
depth,3
requires,1
sounded,1
katy,1
underbrush,1
farms,1
go,89
birthplace,1
nose,4
shack,1
friendly,11
unabridged,1
tue,8
facebook,14
trough,1
telling,1
microbreweries,1
exits,1
michael,3
ryan,2
gretta,1
barbara,29
boots,17
jump,2
asistencia,1
picked,7
download,7
click,5
poke,1
cell,2
poles,3
pristine,2
shoreline,1
meandering,1
commercial,3
linguistica,1
parameters,1
products,1
addresses,1
danger,5
manage,1
apprehensive,1
classrooms,4
austria,1
remains,1
websitepoint,1
firesteel,1
crag,3
deon,1
vehicle,3
popped,1
started,13
becomes,4
tangerine,1
justin,4
crosses,2
ride,6
arches,1
crossed,1
meet,6
drops,1
control,6
links,42
halloween,5
wonderful,16
skirt,1
valhalla,1
egret,1
hesitate,1
picturesque,1
vibe,1
campers,2
located,12
farm,10
rations,1
flagrantly,1
introduced,1
adjectival,4
advocates,1
tannersville,1
bathing,2
including,16
cruise,1
mentioned,4
outer,1
masses,1
brook,32
distilleries,1
overflights,2
camino,2
tile,1
placid,10
hands,1
front,14
handy,1
usgs,1
university,2
registrations,1
slide,3
pools,3
upward,2
seniors,1
illuminate,1
constitute,1
sands,1
exceeded,1
abima,5
sandy,3
entertainment,4
ricky,1
playground,3
cause,3
marek,1
recommendations,3
diagonal,2
completely,4
cleansers,1
conservatives,1
ridge,41
waiakeakua,1
route,16
keep,46
keen,7
austin,1
tortolita,1
evans,3
date,3
quality,9
management,28
privacy,23
bears,3
durable,2
occupancy,2
attach,1
fells,3
ankle,4
perfectly,1
final,6
paved,6
lighters,1
exactly,3
tymor,1
lists,2
hemlock,4
objectification,1
omen,1
hines,1
pillboxes,1
ben,1
suomi,4
bec,1
submitted,1
referral,1
spurs,1
julian,1
halal,1
need,27
border,3
newmyer,1
able,9
instance,3
toughest,1
mileage,1
sewing,3
camper,1
lofts,1
montana,1
connected,5
sb,3
camped,1
gallery,1
cellphone,3
maloy,1
scrambles,5
url,2
scrambled,1
gesture,3
tolkien,1
indoor,1
anyway,2
shellfishing,1
parked,2
boutiques,1
partners,5
based,2
sheriff,1
earned,1
hopeful,2
fuel,1
achieve,1
dodge,1
overall,2
legitimate,1
joins,3
werent,1
years,15
ascended,1
gray,1
evolution,1
parlors,1
wellness,6
watershed,3
contain,1
amycs,1
grab,2
locksmiths,1
mcmenemy,1
humans,1
canine,1
freeze,1
computer,1
driveway,3
desperate,1
baxandall,1
fergesen,1
pinedale,3
written,1
horrible,1
chipmunks,3
flickr,5
tent,4
comparable,1
approval,1
monitor,1
mariposa,2
bierygolick,1
career,1
shingle,2
presentations,2
jersey,20
tuesday,1
adding,3
elezi,1
kings,1
honopu,1
quit,1
sari,1
conservancy,1
quiz,1
billycan,1
slowly,3
treat,1
username,1
corresponding,2
hoisted,1
headlamp,1
smoking,1
glossary,1
harder,1
haller,1
examines,1
resident,1
swinging,1
bucks,1
lambs,1
hyland,2
euskara,2
fortification,1
avenza,1
began,1
parts,15
fido,1
northwest,1
party,2
effect,3
frequently,7
impeccable,1
ashley,1
lunch,4
well,28
deadly,1
increasingly,2
accurate,2
sources,1
distant,1
laurel,4
skill,5
coordination,1
jeff,4
logged,5
extends,1
maintaining,1
riverside,2
possess,1
kick,1
rafter,1
definitive,1
ample,2
utah,4
historic,30
immediately,3
intersection,4
loss,1
lincoln,1
lost,9
sizes,1
dictionaries,1
taping,1
sized,2
lose,2
page,44
shed,1
shea,1
twitter,12
library,1
petey,1
francisco,2
warmer,1
home,32
peter,2
pegman,1
overlay,1
steaming,1
broad,2
delaware,5
denali,16
wikivoyage,5
rewarding,3
allegory,2
hinder,1
reaching,3
journal,3
policybbc,1
instinct,1
refuge,1
freedom,2
zulia,2
equally,1
bindrim,1
washington,22
brews,1
mushrooms,1
treads,1
mississippi,2
networking,1
additional,14
museum,2
noticed,6
abrasions,1
inner,1
notices,6
exposure,3
north,42
hq,3
weight,3
storytimes,1
hi,21
gain,5
courts,5
overflow,1
ha,2
eat,5
hiked,26
signed,1
carriage,2
stories,9
steepest,1
dmy,1
piece,4
display,6
intersects,1
reservations,4
efriends,1
crystals,1
education,14
eric,1
diego,5
contest,3
sepulveda,1
star,1
astounding,1
stay,32
dragoon,1
friends,23
dewey,1
blogs,3
portion,2
paperless,1
flatwater,1
pardon,1
trenton,2
awrah,1
obstruction,3
protest,1
asian,1
buddy,3
aug,2
swam,2
contained,1
painters,1
recycle,2
sorry,11
updated,12
cruising,2
rescue,2
guardrail,1
internet,1
connects,7
updates,11
namespaces,5
confederate,1
vast,3
alpine,16
baking,1
skills,4
companies,2
commons,4
convenience,1
heading,19
clothes,6
force,3
quilt,1
lavender,1
likely,12
implemented,1
even,36
trapping,2
asia,4
lights,2
orienteering,2
new,83
tips,21
ever,10
healthily,1
never,26
meh,1
met,3
replacements,1
governing,1
active,13
patches,1
dry,7
credit,1
cindy,1
permit,4
suitable,2
rafting,7
fantastic,1
mobility,1
county,20
moran,1
welch,2
landscape,3
army,3
edward,1
call,11
calm,1
recommend,14
survive,1
type,2
tell,10
posting,5
wary,1
composite,1
underwear,1
berlin,2
warm,5
shelters,1
kumar,1
flora,2
cathole,1
rights,8
localstream,1
movies,3
foliage,16
mountainsides,1
unmarked,1
give,22
sugarloaf,1
foods,4
unforgettable,1
amazing,16
answer,3
footwear,13
undergoing,1
replacing,1
waterfront,1
president,3
jesusita,1
purchase,1
attempt,3
mastodon,2
third,9
descends,4
owls,2
maintain,2
bahasa,2
goodbye,1
gratification,1
operations,1
deck,3
copyright,4
teatown,1
personal,11
crew,5
better,28
weeks,3
overcome,1
combination,1
downs,1
koolau,4
therapy,2
indulge,1
grammar,1
meat,2
luce,2
mccall,3
leaned,1
went,27
side,27
luck,3
conifer,1
principles,2
mackinaw,1
dawn,1
tales,1
content,10
reader,1
surprise,18
turning,4
switchbacks,3
starts,7
messages,1
newfoundlands,1
louv,1
signature,5
arrived,4
loud,3
stewart,3
features,6
homestay,1
contractors,1
featured,28
downside,1
forestwatch,1
ditch,1
hawks,1
girls,2
boating,6
garry,1
campfires,2
noerenberg,2
somewhat,1
begins,7
distance,21
backroads,4
mybackroads,1
preparation,1
matter,4
silly,2
minh,2
mini,3
sees,1
rattle,2
mind,2
mine,4
seen,20
skyland,2
tells,2
reprieve,1
philadelphia,1
koko,3
replenished,1
marin,3
regular,5
maria,1
zealand,5
reimbursement,1
medical,1
dog,28
breather,1
definitely,19
rockier,1
glenclyffe,1
aquatic,2
visitor,27
ending,2
hikit,1
stepping,3
nevada,1
northeast,7
cumberland,3
paralleling,1
weekends,3
sugar,1
folks,4
monuments,2
enewsletter,3
wearing,3
stop,10
coast,5
christopher,3
earn,1
bar,1
fields,5
bay,4
reload,3
bad,10
reference,1
beebe,2
decided,12
zoney,1
subject,1
brazil,1
said,12
frysk,1
summaries,4
clingmans,3
pets,7
tolerance,1
reddit,4
suggested,6
horsemen,1
resistant,1
urls,2
appeared,3
guaranteed,4
hygiene,4
initiative,3
springs,7
shichirin,1
cortlandt,2
nicer,1
three,20
tiny,1
commission,3
interest,6
basic,11
entered,1
lovely,2
riley,2
website,24
deeper,2
mushroom,1
sunshine,1
locations,3
marilyn,1
decrepit,1
regretted,1
tank,1
verkeerdekill,1
ugly,1
near,37
suppose,1
itinerary,1
employees,2
chilling,1
seven,5
changed,2
meramec,1
mexico,1
ii,21
soils,1
seattle,2
id,2
grown,1
make,51
meetup,5
potentially,2
unfortunate,1
winterfest,1
ynez,5
sacramento,1
differing,1
kit,7
waterfall,17
kim,1
opportunity,2
thoughts,3
kid,5
practiced,1
programs,13
hydration,1
reese,3
left,47
etiquette,5
sporting,1
kieran,1
human,4
facts,2
yes,1
yet,5
character,1
ascents,1
save,5
opt,1
preseason,1
supervisors,1
background,2
forested,3
depicts,1
shoulder,4
archies,1
nude,8
performing,2
arrivals,3
recross,1
toplessness,1
deal,1
deaf,1
somehow,1
dead,4
dense,3
subscriptions,2
burn,3
rahway,1
popular,13
paid,4
greenbelt,15
super,6
magazine,4
afternoon,2
islands,20
nerve,1
locator,4
cascades,4
weathered,1
initial,5
fork,10
form,9
landing,2
feminine,1
outnumber,1
imbibing,1
fort,10
pavilion,1
waianae,1
hikers,27
attached,3
tucson,34
freighthopping,4
delete,2
sticks,1
classic,18
covers,1
drive,21
fashioned,1
ship,2
tequepis,1
marking,1
alerts,13
generally,6
ellwood,2
brianna,4
warehouse,1
savage,13
dies,2
felt,5
gradually,1
diet,3
journey,1
weekend,14
jones,4
happening,1
assume,3
daily,4
jacket,2
hitchhikers,3
managed,1
skip,19
laura,1
manager,3
mile,37
mill,4
suicide,1
kathee,1
technique,1
father,1
torne,6
finally,4
foursquare,1
marks,1
ballooning,1
string,2
advised,1
everytrail,2
cleaners,1
dig,1
accidentally,2
travels,5
item,5
dip,2
round,1
olympic,7
dealing,1
run,9
keaau,1
adds,1
intelligencer,2
international,5
gazebo,1
filled,5
transportation,14
dwarf,2
french,2
kilometers,1
hummel,4
wait,10
box,7
institute,1
shift,1
widening,1
bob,1
nylon,1
massage,3
bog,1
breathtaking,5
useful,25
uncompahgre,1
kayak,2
hotels,29
sweating,1
troops,1
tubbing,1
stoops,1
visit,36
france,2
connector,1
insider,1
going,46
peru,1
thru,1
itineraries,14
sharing,9
labyrinth,3
downtown,4
effort,2
fly,3
soul,1
reviews,10
switchback,1
growing,1
making,6
arrive,5
dosage,1
claim,2
crazy,5
fuca,3
confused,5
sample,1
council,4
subconsciously,1
pink,1
steve,1
nys,2
pine,5
chemical,3
till,3
sunday,6
livening,1
pure,5
pins,2
nyc,17
pathway,2
map,46
staying,1
mar,2
may,35
sustainability,4
membership,9
designed,5
tramway,1
partway,1
guys,1
grow,1
scrambling,6
noun,7
neck,2
maybe,10
q,2
cascade,1
switch,1
jail,2
deposit,1
african,1
thorns,1
talk,14
cute,2
shoes,19
sochacki,2
josephine,2
gradual,3
pointed,1
sochacka,1
shake,1
irena,1
peterson,1
police,4
thank,54
interesting,6
listing,1
policy,30
mail,1
main,26
texas,1
finance,3
tucked,1
views,91
hostler,1
safari,3
killed,1
rattler,5
exsanguination,1
arrows,3
rock,87
pharmacies,1
bridging,1
floworks,1
treacherous,1
tobogganing,1
richly,1
dingmans,2
signage,1
girl,1
summary,6
elizabeth,1
canada,3
living,4
stitch,1
correct,2
earlier,1
brooks,1
oro,4
california,4
demanding,1
trademarks,2
keith,1
advance,1
macos,1
thins,1
language,1
thing,10
funky,1
think,21
first,46
question,8
long,44
carry,15
sounds,5
little,45
anyone,17
mining,2
eponymous,2
allegedly,1
continuous,2
accurately,2
teaneck,1
sailing,2
notches,3
gotta,1
venture,3
warsak,1
topics,3
marijuana,3
voices,5
bailed,1
potential,3
interior,2
channel,5
ultimate,1
trace,14
track,1
friedman,1
grandstaff,1
sunglass,1
tract,1
pair,2
tracy,2
queens,1
especially,15
pernicious,1
alarming,1
shop,49
rating,4
shot,2
show,5
drawings,1
corner,2
label,1
treasure,2
storms,2
enough,15
black,14
raglan,2
ranking,1
get,129
designated,1
affecting,1
nearly,6
needhome,1
overlanding,3
gem,1
secondary,1
yield,3
morning,6
miles,87
wiki,1
stag,1
seat,1
relative,2
seal,2
calendar,25
wonder,3
camping,37
forecast,3
behind,11
reading,8
across,29
august,11
slingshot,1
hudson,40
lopez,16
dates,1
tuck,1
according,2
tour,26
formsan,1
disappointment,1
breakfasts,4
among,1
venues,6
maintained,7
grants,1
clambered,1
spans,1
cancel,1
considering,2
arts,16
mara,1
capable,1
barry,4
mark,5
acra,4
ranches,1
borders,1
mary,5
shopping,11
graveyard,1
dramatic,1
sound,3
klaus,1
turtles,4
ongoing,1
residence,3
bathrooms,3
characteristics,2
strait,1
sleeping,13
middle,7
pressing,1
wisely,1
everyday,3
tourist,5
bags,6
different,17
harsh,1
pay,4
lava,1
pad,3
aerobics,1
sams,3
stepped,1
oil,1
assist,1
munch,1
running,10
climbing,20
totally,3
potrero,1
largely,2
identifiers,2
roughly,1
bottle,1
lakefront,1
bumping,1
amazed,1
consisted,1
outdoor,27
money,3
sights,1
dehydration,1
flavor,2
tourism,40
aashay,1
extensive,1
heavier,1
careers,7
mon,8
mom,2
railroad,1
acquainted,1
vending,1
adams,3
identifying,1
unsourced,2
serves,1
lightning,2
facing,4
chamber,10
either,19
retailers,2
passionate,1
reasonably,2
specifies,1
ascend,3
locust,1
meanders,2
images,2
ascent,1
wicking,1
confirm,1
colonial,1
footing,2
overly,4
pioneer,1
critical,2
doggy,1
knife,5
vistas,2
database,1
seconds,1
notable,2
tonka,1
broken,5
regulations,8
stations,2
island,42
insect,9
airline,1
pockets,2
roam,1
joplin,1
road,75
lands,5
coupon,1
spreading,1
airlines,1
harness,1
references,10
inbox,1
scrubby,1
strip,2
skillet,1
downed,1
formday,1
workshop,1
lions,1
jacquelyn,1
bookstore,1
walkway,5
towpath,2
peeking,2
videos,8
rapids,2
citation,1
deer,5
deep,6
general,10
file,6
lifetime,1
hound,1
film,6
fill,1
drivers,1
hybrid,1
field,17
cleanup,3
students,1
important,2
tackle,4
caminito,1
remote,3
u,1
boone,5
deluxe,1
starting,8
forget,2
founder,1
dollar,1
talks,4
children,3
emily,2
garibaldi,3
preserves,1
enjoying,2
sitting,2
hitchhiker,1
translations,3
medicine,3
scout,1
fall,28
difference,3
exclusives,1
washing,1
applicable,1
flyover,1
neighborhood,2
portable,1
burger,1
perception,1
cottonwood,3
opted,1
swamps,1
public,16
tattoos,1
malaria,1
ranges,1
eligiblehiking,1
beacon,4
operating,2
christy,1
bakeries,1
search,55
stretching,1
stella,5
airport,1
published,1
narrow,7
africa,5
extinction,2
readily,2
forbush,1
eye,6
culinary,1
distinct,1
puka,1
destination,6
two,29
comparing,1
amenities,3
wipes,1
diamond,1
brisk,1
asheville,3
particular,1
town,9
none,4
hour,15
recall,1
maniac,1
taum,1
remain,2
del,2
dec,8
def,1
incorporateddanner,1
compare,1
galleries,3
share,43
minimum,3
sharp,2
needs,5
maps,56
catskills,3
sacred,1
catskilly,1
advice,6
coming,12
response,2
alps,6
orchard,1
coat,3
crowder,2
responsibility,1
pleasure,1
playing,2
bracketed,1
filters,2
golfing,2
thrilling,1
pct,1
late,14
dolly,3
carpentry,1
lookout,2
good,59
orcas,10
detour,1
walls,1
frigid,1
association,5
mystery,2
easily,4
chairlift,1
drake,1
haro,2
harm,1
everyone,6
delicious,2
house,12
energy,8
hard,13
idea,3
foxes,1
extended,1
connect,1
portland,2
backpacks,1
insurance,2
lovers,7
acting,2
granola,1
print,4
learners,1
brewery,1
stewards,2
garson,1
pleasant,5
difficulty,10
members,3
beginning,5
benefits,7
needing,5
conducted,1
rainforest,2
trickle,3
copper,1
humourous,1
done,20
campground,2
fiction,1
pudor,1
twenty,2
least,16
leash,2
statement,5
pomme,1
voyeurism,1
needle,1
park,329
waistpack,1
part,19
believe,3
tacking,1
b,3
volcanoes,3
pemigewasset,3
youth,7
supposed,1
treated,2
interactive,5
cheoah,1
pornography,1
wikidata,4
showers,1
unafraid,1
meltdown,1
franconia,3
mountain,143
built,6
depending,4
trip,43
kaaterskill,1
wyanokie,3
build,2
serene,3
unceremoniously,1
significant,3
services,10
extremely,5
weigh,1
joining,1
mahale,1
particularly,5
manamana,1
scattered,1
perches,1
businesses,3
contorted,1
carefully,6
fine,2
find,80
giant,40
merges,1
nordhouse,1
boulder,1
remove,3
common,7
finlayson,3
doubles,1
restaurants,9
lion,2
individual,3
retweet,10
repairs,5
expert,3
visiting,4
please,19
aviary,1
burned,1
donate,18
popup,4
aircraft,2
conservationist,1
iki,1
alters,1
folding,1
reverse,1
appropriations,1
annual,15
baltimore,1
upgraded,1
cakes,1
point,63
simple,3
recycling,2
gypsy,3
simply,3
shutdown,1
throughout,4
expensive,1
cottonwoods,1
raise,1
create,17
secret,1
ireland,3
portraits,2
meeting,5
vans,1
gay,2
viewsanta,1
gas,4
gap,3
understand,3
honking,3
pierce,1
classifications,1
solid,5
bill,2
kodah,1
holocaust,1
horseshoe,1
mbow,2
replaced,1
aquatics,2
fun,15
popolopen,6
portugal,1
sardu,1
encountered,1
waimanalo,1
italy,6
galapagos,3
summerland,2
development,5
yesterday,7
moment,2
purpose,4
staycation,1
wheelchairs,1
sandals,3
lacrosse,1
gestures,1
task,1
searchhiking,1
spent,7
flags,1
nordic,1
landmark,1
entry,3
spend,2
untrammeled,1
isolated,1
shape,7
atomic,1
unesco,1
alternative,3
timber,5
letting,1
cut,4
economides,1
alternate,2
source,1
impassible,1
snap,1
administrative,2
excited,3
cornish,2
big,39
englewood,18
bit,21
avalanche,1
cognitive,1
follows,6
disks,1
google,9
often,6
absolutely,6
back,111
candle,1
scale,3
jewelry,2
pet,11
decision,3
per,11
connecting,4
eliminate,1
clifftop,7
laughing,1
remembered,1
continuing,3
lounges,2
annalise,1
optimize,1
goods,1
usa,7
piles,2
braille,1
britannica,2
kuliouou,1
bish,1
pollution,2
copperhead,2
remembrance,1
downhill,9
pronunciation,3
liveaboard,1
forward,3
translate,4
invite,2
migrating,3
directed,1
guidebooks,1
planet,1
exploration,11
stripped,1
single,8
organizational,1
dragging,1
stripper,1
organizing,1
functionality,1
pesticides,1
glamping,1
prepared,2
restoration,2
fisher,2
desert,2
gallegos,3
overlooking,2
helps,8
hackshaw,1
quarterly,2
gravel,1
queen,1
putting,3
arrange,2
severely,2
recreation,24
crampons,1
kloofing,3
thruway,1
rivers,8
uncomfortable,1
ticketing,1
chicago,1
giving,4
raincoat,1
paddle,2
access,16
exercise,9
body,4
packing,1
objects,1
others,22
extreme,8
alaska,2
climb,21
composed,1
named,3
private,14
tap,2
festivals,4
gateway,1
lime,2
chi,3
enews,1
whiteface,3
upcoming,5
trail,523
train,12
prizes,1
unforgiving,1
harvest,2
hints,1
account,13
mackaye,1
mihn,1
f,13
tunnel,10
tease,1
unreal,1
obvious,2
parkway,1
snacks,2
spruce,4
native,2
varied,1
democracy,1
edelstein,1
holds,1
formations,2
regions,4
winners,1
forest,54
membershiptucson,1
profile,5
waters,5
philosophy,1
collection,3
bothered,1
bluff,1
chasing,1
korin,1
subreddits,2
lines,3
liner,1
chief,2
solos,1
lined,2
honeymoons,1
despite,1
meter,1
referenced,1
happiest,1
bunch,2
bridges,3
la,2
accredited,1
li,1
lt,1
willing,3
marsh,5
junction,19
greater,1
dam,3
fiesta,1
mention,3
cutting,1
kindness,1
day,61
strive,1
february,4
greenhouses,1
warned,1
blazing,1
morris,1
tubing,2
michaels,1
schofield,1
experienced,5
constraints,1
buena,1
pinterestbest,1
huntington,1
sexual,1
rey,1
rei,11
barley,1
rec,2
electronics,4
red,38
jessica,4
interaction,4
bowman,1
south,48
distracted,1
pga,1
militarism,1
reaches,5
strategic,2
guidebook,1
reached,4
braces,1
ancient,2
roche,1
intermediate,3
blakely,1
palestine,1
cabin,12
gear,11
explanation,1
nobody,1
environmental,13
pinwheel,1
loved,5
sweden,1
visited,2
comfortable,2
tide,1
comfortably,1
apparently,3
retkeily,1
parks,52
mix,3
concerns,1
gliding,3
parka,1
unless,2
eight,1
clamber,1
newsletteradirondack,1
request,4
polyphasic,3
normally,3
planks,1
catalina,1
kite,1
text,5
supported,1
shaupeneak,1
kits,1
portfolio,2
yorkinwood,1
staff,7
grabbed,1
cuivre,1
gayatri,1
exceptional,1
beat,1
photography,10
bear,26
westchester,1
thrives,1
areas,18
crabs,1
calling,4
turtleback,1
trudging,1
fixed,2
madam,1
turkeys,1
national,104
condominiums,3
svenska,5
kingswood,2
occitan,2
awaits,1
attempting,2
clearing,5
ralph,8
discounts,3
hammock,1
thumbnail,1
nudged,1
nudges,1
optional,7
toothbrush,1
kilbride,1
taking,24
boulders,2
trips,25
kosher,1
moderators,1
swim,3
passing,2
glorious,1
aquarium,2
comment,26
invasive,2
byways,1
watkins,2
rogaining,3
muddy,4
romero,3
nellie,1
gaze,1
seasoned,2
define,1
overwhelmingly,1
finished,5
bull,10
fellow,3
volunteer,38
homes,1
splits,1
plain,1
rectangular,1
advisable,1
frustrating,1
margaretville,1
almost,8
helped,6
claimed,1
partner,2
arabic,1
ohv,1
earthcaching,2
tumbled,1
footbeds,2
landmarks,2
nyrr,2
shuttle,5
injured,3
samantha,1
sauna,1
judgment,1
center,50
seth,1
antonio,1
thought,12
ravine,2
latest,5
stores,6
bivy,2
executive,9
domestic,1
dakota,2
protecting,3
flashlight,2
gmc,9
lake,140
bench,3
qqqqfra,1
reservedbest,2
adk,2
like,81
inviting,1
works,1
soft,1
accessible,12
authority,3
recommendation,1
proper,4
happens,3
highlighting,2
vocabulary,3
dunes,2
hurricane,6
rattlesnake,4
shelter,9
hirtes,1
assuming,1
screwed,1
esl,1
kealia,1
bingo,1
slight,2
crossing,5
host,2
kristin,1
hoss,1
although,5
actual,6
boards,1
prevailing,1
punchline,1
baxter,3
rendered,1
backpackers,1
socks,12
chris,7
guard,1
female,1
yorkers,1
outline,1
spread,1
biggest,1
ivory,1
buy,1
bus,10
brand,1
reminds,1
memphis,1
bug,2
sonoran,2
dangerous,8
j,1
minutes,34
plutonium,1
skating,2
rabbits,1
pin,1
pic,3
pid,1
pig,2
fishkill,2
shooting,1
pit,1
campus,1
misstated,1
oak,3
detail,1
virtual,6
special,23
ledge,29
picchu,4
granite,1
metronorth,2
astronomy,1
yelp,9
baker,4
hiker,15
hikes,139
limited,6
schengen,3
hats,5
hitch,1
facilities,7
sleep,3
hate,5
feeding,2
violate,2
tweet,6
hitchwiki,1
risk,2
rise,2
every,14
jack,3
upstream,1
encounter,1
school,3
nostrand,3
citiesgiant,1
remoteness,1
enjoy,38
bicycle,3
leaders,1
torres,2
weddings,12
estimates,1
surrounding,2
electricians,1
street,13
blue,35
organisms,1
beaten,1
poison,6
blur,1
supplies,3
seeks,2
dashboard,2
cannizzo,1
kicked,1
loda,1
hundreds,1
studio,3
path,10
catholes,1
arroyo,2
leaves,8
ridicule,1
deers,2
museums,5
jogging,1
deere,3
changes,12
ventured,2
offs,1
julie,6
julia,1
visible,1
forums,5
hasbrouck,1
would,76
minmewaska,1
noting,1
spike,1
assessment,3
breathe,1
drowning,1
swimhiking,2
phone,10
willowbrook,1
pouch,1
must,11
abundance,1
join,25
mo,1
tremendously,1
mi,65
advocacy,3
mt,3
henry,2
waterbodies,1
estate,7
walkways,1
times,17
guarantee,2
end,25
topographical,4
returning,1
joppenbergh,1
adjacent,2
gate,3
badly,1
description,4
mess,2
arthritis,2
campgrounds,8
gluing,1
allison,2
cochise,1
jungle,5
enter,7
harlem,1
reorient,1
london,4
oven,1
expectations,1
writing,3
tramp,3
sonya,1
glanced,1
bryson,5
iowa,1
diseases,2
rental,11
netherlands,3
detroit,1
newport,1
oahu,42
fitness,14
lasting,1
diane,1
group,23
poncho,1
saturday,6
driving,6
god,1
motel,1
dewitt,1
washed,1
heavenly,2
got,32
inwood,12
independence,5
marana,1
arizona,5
hang,7
free,26
fred,1
cibs,1
wanted,9
westside,1
sods,3
argument,1
grasses,1
days,10
filter,3
onto,27
already,12
attractions,8
animations,2
rank,1
hearing,1
insulation,2
scissors,1
esperanto,3
mercury,1
top,58
heights,2
ton,3
tom,1
percentage,2
playeralander,1
toe,3
urban,11
signup,6
serve,1
took,25
negotiating,1
western,7
mercifully,1
wilkinson,3
frissell,1
scenario,1
headlands,3
classes,7
brilliant,1
bridge,12
silverwood,2
ran,2
ram,1
nglish,1
talking,4
advising,1
lunchtime,2
regulate,1
mapmyhike,1
relatively,6
triangle,1
rsssundance,1
cottages,2
snow,11
thorough,2
oriented,1
rides,5
though,9
plenty,9
promotions,1
treats,1
devastating,1
metal,3
reputation,1
abnaked,1
section,16
sanctuary,7
inspire,1
labels,3
pops,2
colors,11
radio,2
earth,5
bail,1
availability,1
minnesota,4
vinny,1
lodge,1
oct,11
watch,5
fluid,1
amazon,2
bashed,1
wedding,8
report,36
considerate,1
canyonlands,1
countries,2
chesapeake,1
minnewaska,5
shots,1
ruins,7
thanks,76
bed,7
sporadic,1
capacity,4
mud,3
finger,2
hopefully,1
approach,1
discovery,4
reiterate,1
jose,1
however,4
copyrighthiking,2
southeast,2
outages,1
wear,6
dedication,5
news,45
blasted,1
hills,6
puddles,1
protect,8
providing,1
ranger,11
dryden,1
layered,1
games,2
bet,2
bbqing,2
elfin,1
comprehension,1
majestic,1
trust,2
conference,14
bathroom,1
ropes,1
quickly,2
beer,2
belongs,1
expected,1
containers,6
republicans,1
affixed,1
craft,3
catch,4
glider,1
chilkoot,1
n,3
lesser,1
teachers,1
stopping,4
cracked,1
noster,1
procedure,1
purifying,1
pyramid,1
accessories,12
experts,2
brutal,1
containing,1
suggest,1
beside,4
esquire,1
several,16
moose,2
carceral,2
peaks,13
social,18
craycroft,1
portal,7
characters,1
mentioning,1
specialize,1
shortly,3
ocean,2
savings,1
jean,2
seasonal,5
zipline,2
semenova,1
transporting,3
elm,3
furry,1
kelp,1
gave,7
breaks,1
cultural,11
descending,2
advanced,5
gift,14
hunt,9
zoom,1
specific,3
informative,1
offices,1
officer,1
malaysia,2
clubs,6
participles,1
advertise,7
harriman,6
ice,45
everything,8
christmas,1
cord,1
core,1
khaki,1
deleted,1
cory,1
plug,1
cowboy,1
attacks,2
surround,1
trustworthy,1
dinner,3
plus,4
steadily,3
efforts,1
ghac,5
presence,1
civil,2
puzzle,1
bath,1
ahs,2
donated,1
ahu,1
existed,1
rely,2
gis,2
stuck,1
anderson,1
seeker,1
wittenberg,26
head,29
attempted,2
heat,3
topographic,1
hear,7
solar,3
removed,1
portions,1
donald,2
southernmost,1
nne,1
escape,7
freshwater,2
annoying,1
check,24
levitz,1
nh,1
nj,63
outstretched,1
faithful,3
eerie,1
na,1
nc,3
tip,2
ny,3
setting,2
tie,1
vanished,1
depot,1
sitemapwelcome,1
nw,2
evergreen,1
picture,7
reconsider,1
ridges,2
younger,1
faster,1
serious,7
rob,1
varying,4
focus,2
leads,5
llc,1
extremities,1
essentials,7
environment,4
charge,1
discovering,1
henderson,1
federation,2
bluffs,5
sponsors,3
cook,3
coon,2
cool,29
moderate,20
level,8
philippines,1
posts,2
hawaii,7
standards,1
quick,16
eroding,1
says,4
trend,1
dried,1
port,2
constitution,3
pwchao,1
goes,2
reply,11
water,48
baseball,6
groups,8
ysidro,2
tire,2
healthy,3
hospitality,5
weird,2
navigation,32
rafael,1
islen,1
bivouac,1
shark,5
emmys,1
russell,1
athens,1
sports,17
iphone,2
today,21
rios,1
milford,1
clicking,1
carnival,1
beers,1
sequoia,1
states,10
reservedflat,1
thousands,4
ceem,3
districts,2
fauna,2
laughter,1
streak,1
trump,2
stream,9
newsletters,5
concierge,1
dropped,2
requirements,2
cuba,3
sundance,4
fourth,1
ensure,2
rinks,1
information,46
exhibitionism,1
bonfires,1
classroom,1
branches,1
lemmas,1
branched,1
lagoon,5
refund,4
words,5
mainly,2
canary,1
blocked,1
wallace,1
donorhiking,1
organisation,1
offers,16
mckinley,3
meridian,3
happened,9
lonely,1
feature,3
feathered,1
rescind,2
wagon,1
term,1
name,2
corners,1
synchronize,1
picnics,2
bullion,1
catching,2
sunrise,5
factors,4
factory,1
kent,2
eagle,4
wawayanda,1
theory,1
state,136
oasis,1
obituaries,3
buckskin,1
wiktionary,1
calories,3
turn,49
butterflies,1
place,46
swing,2
charleston,3
ammo,1
awfully,1
george,3
given,6
district,18
earthy,2
plastic,4
returns,2
convention,4
legally,1
white,29
gives,2
exploring,6
releases,9
season,9
sicilianu,1
shirley,1
population,2
wide,5
nathan,1
unfortunately,1
require,2
r,1
cards,3
powder,1
legalizing,2
pro,2
nominating,2
washburn,3
marathon,3
ideas,8
dining,11
sure,31
aspen,50
equestrian,1
printable,5
falls,56
visitors,12
considered,1
proud,1
awosting,1
bergwandern,1
slope,1
forage,1
workshops,3
spaces,2
freemont,1
gulf,1
matsuoka,2
wood,1
hanley,1
lighted,1
narrows,1
viewpoint,2
lighter,2
sse,1
cryptosporidium,1
homestead,2
closure,1
floods,2
naked,14
predicted,1
picnic,25
closures,1
college,1
parking,64
apologies,1
stanley,1
encouraged,1
surfaces,2
federal,1
review,17
outside,12
charters,1
snowmass,4
arrival,1
diners,1
cities,3
come,32
region,7
cafes,1
quiet,4
pelham,1
designations,2
railway,1
bunks,1
duty,1
filtering,1
color,7
pot,3
pop,1
satisfaction,5
pole,1
babbling,3
polo,2
poll,3
catskillblogger,1
turkey,1
howard,1
jon,1
featuring,1
hardly,1
direction,6
andrey,6
bypass,1
andrew,1
mauna,1
careful,6
champions,1
pilot,3
case,5
cockhill,1
ringwood,1
mount,14
arnold,1
slippery,3
cass,2
olga,2
mound,1
cordage,5
someone,15
torrey,1
april,2
magyar,2
chuckling,1
bermuda,1
reminder,2
events,66
hermit,1
status,5
barefoot,1
downloads,2
driver,1
drives,2
weed,1
director,3
changing,1
implements,1
threaded,1
minimize,4
magical,2
caliente,1
without,10
eesti,3
relied,3
inability,1
model,2
reward,3
researchers,2
guided,5
tumamoc,1
ninth,1
kill,1
kiln,2
guides,20
halfway,3
hint,1
seems,14
except,1
blog,17
kimberly,1
flashing,1
ross,5
kingdom,7
virginia,1
kaaterskills,1
patchbest,1
furniture,1
patrick,1
reduces,1
donations,1
tower,4
collapsible,2
pacific,5
welton,1
respect,7
brohm,1
provided,4
slice,1
caribbean,2
mood,1
mook,2
slick,2
stops,2
moon,2
provides,4
provider,1
lenado,1
poem,2
inspect,1
loopishness,1
nudist,1
outreach,2
pooch,2
beaches,7
dicey,2
journaling,1
ok,2
oh,5
jeep,1
informing,1
stand,2
discusses,1
hypothermia,1
trademark,1
spinal,1
lakeview,1
rising,2
determine,2
storenew,1
whales,3
relocation,4
valley,35
fish,8
critters,1
jul,3
burro,2
strenuous,7
longer,12
assistenza,1
nightlife,6
flats,1
toilet,2
cba,1
barthel,1
taste,1
felix,1
minneapolis,1
britain,1
lichen,1
tasty,1
politics,3
incorrect,1
heather,1
bicycling,4
diarrhea,1
roses,1
trash,2
requested,4
ouachita,3
separate,1
finale,1
cove,3
includes,3
hwy,3
included,3
booked,1
calls,1
wife,4
curve,1
directors,7
missouri,5
directory,7
naturist,3
lace,1
gupta,1
lack,5
seals,1
ladders,3
naturism,8
alt,1
decisions,2
mooning,1
thursday,1
aaron,1
program,13
dairy,1
crest,2
activities,39
fax,1
woman,1
worse,3
song,1
far,12
faq,12
fat,4
psychologist,1
fan,5
fam,1
salish,1
list,13
lisa,1
ten,13
rate,1
invention,1
design,1
pedestrianismo,1
koman,1
sue,1
pinterest,2
sun,17
ticks,2
anniversary,2
version,7
sup,2
racing,1
multitude,1
vamos,1
condensed,1
christian,2
tags,1
overstatement,1
squatting,3
berkeley,1
directions,28
epitome,1
clarification,2
allows,1
chain,3
tramping,4
options,3
conditioning,2
sticking,3
salkantay,1
thankfully,1
suddenly,3
solitude,1
goleta,4
pdfs,1
ultralight,4
dmoz,2
markets,5
flat,25
israel,3
knows,3
definition,1
crested,4
operators,3
flag,1
basically,2
known,5
mellow,1
glad,28
verkeerderkill,12
v,7
excursion,1
finland,1
challenging,17
sunscreen,2
protects,1
pond,9
court,2
backpacking,27
yonkers,1
occasionally,3
motels,8
tinfoil,1
okay,2
sabino,1
hoisting,1
panoramic,8
catalog,1
adventure,22
ironman,2
short,32
footer,3
shady,2
departure,1
shore,4
grande,2
shade,2
rentals,15
lanipo,1
september,20
developed,2
mission,2
logan,1
interpersonal,3
agritourism,4
moulton,1
avenue,3
inquiries,1
islam,1
style,5
abbey,1
resort,8
speaker,3
argentina,1
soccer,2
might,22
return,9
hunter,10
rainforests,1
panning,1
communities,1
adventurous,1
bigger,4
instructions,3
refresh,4
legend,2
inherent,1
medford,1
policyhiking,1
generation,1
pastrani,1
housewares,1
expect,5
loops,2
moanalua,1
alcohol,1
navigational,1
nepal,2
faqs,7
health,12
hill,33
paradise,2
friday,5
guess,3
cookie,5
teach,2
bushes,2
fantastical,1
sylvester,1
circuit,2
fallen,5
feed,3
webcams,5
dine,1
feel,17
fancy,1
traveled,1
feet,34
notify,1
fees,3
traveler,9
soaps,2
passes,5
story,5
temperature,3
gourmet,3
moab,9
hangs,1
passed,1
outcropping,1
store,19
gps,11
option,4
checklist,2
hotel,8
retinal,1
luckily,2
unmentioned,1
king,11
kind,10
waterproofing,1
double,2
reservedhiking,2
prairie,1
outdoors,16
dang,1
orienting,1
breakneck,39
motivation,1
gale,2
alltrails,2
nights,1
cordages,1
finding,2
donor,1
buff,1
instigator,1
added,3
electric,1
customize,1
reach,9
screenings,1
gaiters,1
nothing,1
seasons,4
stands,3
mineral,1
traditional,2
notch,9
asphalt,1
gilded,1
awakens,1
upwards,1
olana,1
recrafting,2
konahuanui,1
hit,10
gains,2
trailfit,1
tillman,1
longest,4
brendan,1
mccollum,1
marinas,3
closter,7
activity,7
sustainable,2
wheeling,1
bars,3
art,9
dump,2
carpool,1
bare,1
arm,1
barn,1
fontana,4
haiking,1
various,6
klug,1
numerous,3
solo,3
latin,4
recently,3
attention,5
vamosy,1
york,15
c,11
blazes,3
hesitant,2
movers,1
blazed,1
became,2
helzer,1
albeit,1
reasons,2
sweet,2
snowshoeing,3
sweep,1
improper,1
village,5
pr,1
decline,2
swj,1
pt,2
overlook,12
due,6
dug,1
buttermilk,1
refrigeration,2
po,2
pm,2
flight,3
ages,3
ozark,1
instructor,2
plants,9
conception,1
softcore,1
behavior,2
knob,2
lodges,4
huckleberry,3
rio,2
rim,10
yosemite,24
shirt,2
peoples,1
advise,2
higher,5
literature,3
paths,4
holidays,3
moving,1
birch,2
robust,1
culvert,1
anybody,1
aspens,1
breastfeeding,1
abilities,10
mountaineering,9
questions,6
prince,1
gems,1
tables,1
exhibition,1
tamer,1
finder,1
enotourism,1
apnel,1
sharpener,1
sharpened,1
shaped,1
marlin,1
ignore,2
essential,1
godiva,1
ecology,1
viewitaly,1
understood,1
litter,2
newsletter,8
wanderlust,3
policybest,1
seller,2
norvin,2
trailheads,2
prod,1
kelsey,1
intense,1
cautious,1
volunteering,1
bushwhacks,1
virus,3
stricken,1
range,4
womens,4
cutoff,1
yorkhitchhiking,1
friedrichs,1
velabas,1
corsair,1
vagabond,1
canal,3
kaena,1
lone,1
fast,1
sections,19
mountains,24
plunge,1
lemmon,3
forbidding,1
junior,2
raising,2
croton,4
z,2
landscapes,5
called,6
associated,2
stick,1
entrance,9
scoutcraft,1
kathryn,2
sagebrush,1
warning,5
reservoirs,1
jhat,1
graham,6
steeper,3
lemon,6
peach,1
endurance,2
canyoneering,2
backs,1
nick,1
swath,1
nice,45
users,7
srpski,1
helping,4
meaning,1
allowing,1
wrinkle,1
sightsee,2
departs,1
declination,1
narrative,1
standoff,1
scroll,2
issued,2
alien,1
winds,3
contributions,6
issues,1
leap,1
languages,6
repackage,1
stable,1
include,8
confirmation,1
alder,1
wishes,1
drinking,2
bryant,2
bistros,1
notes,4
deals,3
fortified,1
disclaimer,3
smaller,4
goodies,1
nynj,2
perched,1
traveling,1
unavailable,1
showcase,1
waiting,4
capitan,1
robertsville,1
chose,2
degree,1
pushing,1
desired,1
explore,39
sexy,1
scrapped,1
metro,3
distressed,2
larger,4
shades,1
esque,1
leaving,3
bookstores,2
prohibited,1
shaded,1
payoffs,1
duct,2
app,4
lodging,11
apply,2
boasts,1
use,41
fee,1
feb,6
figure,2
consumption,2
depicted,1
eagles,2
sort,5
inclined,1
sore,1
connie,1
brochure,5
women,1
skydiving,1
getting,20
anywhere,1
patrol,4
tax,5
something,15
tai,1
united,13
twizzlers,1
sit,5
bungee,1
six,3
stewardship,4
fortunate,1
brian,1
assistive,1
instead,3
toddler,2
banned,1
septhinks,1
taco,1
highlands,3
light,11
nynjtc,1
honestly,1
erodibility,1
lenape,1
looks,19
spotify,1
ships,2
waypoint,3
previously,1
permanent,7
choose,9
orange,2
covered,3
holiday,4
crowds,2
crash,2
confirmnj,1
practice,3
gsmnp,2
invitations,1
suturing,1
articles,18
clippings,1
edit,16
pisgah,3
trap,1
related,18
ambassadors,3
category,1
outings,5
integrated,1
dictionary,7
verkeerder,1
maintains,1
vacations,6
googlenational,1
repairing,1
g,3
hence,1
timbers,2
echo,1
destinations,8
manzana,2
retreats,1
chiricahua,1
academy,2
var,1
reportsanta,1
july,14
hearings,1
richey,1
boring,1
sea,6
violets,1
blip,1
linked,1
clove,1
afraid,3
angle,1
agency,1
outward,1
krista,1
vegetation,1
sandpipers,1
combat,1
knees,2
undercliff,2
fountains,2
class,1
peekamoose,1
dens,1
neighboring,1
looked,6
ho,3
stove,8
trailfinder,1
planning,27
democrats,2
utter,1
fear,5
nearer,1
highest,1
craziness,1
cache,3
combo,7
local,18
watching,9
ones,2
gunks,3
checkpoints,1
spur,7
married,1
whether,15
waterfalls,5
generations,1
view,50
available,14
cairns,3
closer,2
superb,3
favor,2
closed,17
frustrated,2
pants,6
joy,2
agencies,1
huts,3
job,1
joe,2
jog,1
hobo,4
greenways,1
profanity,1
willow,3
bronx,4
canopy,1
safely,2
unclear,1
wall,2
walk,33
subscribe,9
table,4
masato,2
decent,1
bbc,4
responds,1
vaellus,1
senderisme,1
senderismo,1
bbq,1
mike,110
painted,2
franny,3
present,3
alicea,1
abandoned,5
fearful,1
restaurant,3
stunning,12
wild,3
layer,1
barely,2
lakeside,1
completed,7
encouragement,1
gothic,1
lightweight,2
ave,2
perhaps,12
cross,10
member,14
inca,2
largest,10
units,1
nonnative,4
gets,10
difficult,21
premiere,9
adirondack,8
whale,3
plowed,1
english,31
rocket,1
heavily,1
percent,15
aliso,1
americahikes,1
batteries,2
treeless,1
fishing,21
panther,35
sky,4
capabilities,1
medialink,1
usage,3
ski,8
minnetonka,4
befitnyc,1
know,58
presume,1
press,3
variants,5
helpful,10
miami,1
perpetual,4
delicatessens,1
loses,1
cutler,1
wonders,1
windward,5
scared,3
searching,4
racking,1
empire,1
employment,7
lead,11
outfitters,3
leah,2
mines,1
markers,2
floss,1
campfire,1
leader,1
locate,1
ripped,1
obey,1
millbrook,1
hitchhiking,15
slum,4
highbanks,1
insults,1
carried,1
extension,1
saddle,7
column,2
spilled,1
shipping,4
owl,2
wilderness,36
travelers,3
warrants,1
weather,26
promise,2
brush,3
registration,4
grouse,1
van,9
apps,2
continental,2
atkinson,1
powdered,2
tamar,5
foia,3
volume,1
contradictory,1
geohashing,3
squeeze,4
made,19
geocaching,6
record,2
castlewood,1
jenny,2
maroon,8
boardwalk,2
goodness,1
plaques,1
jenna,1
incredible,13
boot,7
book,12
branch,1
incredibly,1
vagabonding,3
bonticou,4
june,7
kinda,1
cliff,12
wanaque,1
jewel,1
emery,1
northerly,1
